spectrum_id,category,usgs_name,376.44,381.41,386.38,391.35,396.32,401.29,406.26,411.23,416.21,421.18,426.16,431.14,436.12,441.1,446.08,451.06,456.04,461.02,466.01,470.99,475.98,480.96,485.95,490.93,495.92,500.91,505.9,510.89,515.88,520.87,525.87,530.86,535.85,540.85,545.84,550.84,555.83,560.83,565.83,570.83,575.82,580.82,585.82,590.82,595.82,600.82,605.82,610.82,615.83,620.83,625.83,630.83,635.84,640.84,645.85,650.85,655.86,660.86,665.87,670.87,675.88,680.89,685.89,690.9,695.91,700.91,705.92,710.93,715.94,720.95,725.96,730.97,735.98,740.98,745.99,751.0,756.02,761.02,766.04,771.05,776.06,781.07,786.08,791.09,796.1,801.12,806.13,811.14,816.15,821.16,826.18,831.19,836.2,841.21,846.23,851.24,856.25,861.26,866.28,871.29,876.3,881.32,886.33,891.34,896.36,901.37,906.38,911.4,916.41,921.42,926.44,931.45,936.46,941.48,946.49,951.5,956.52,961.53,966.55,971.56,976.57,981.59,986.6,991.61,996.63,1001.64,1006.65,1011.67,1016.68,1021.69,1026.71,1031.72,1036.73,1041.75,1046.76,1051.77,1056.79,1061.8,1066.81,1071.83,1076.84,1081.85,1086.86,1091.88,1096.89,1101.9,1106.92,1111.93,1116.94,1121.95,1126.97,1131.98,1136.99,1142.0,1147.01,1152.03,1157.04,1162.05,1167.06,1172.07,1177.08,1182.1,1187.11,1192.12,1197.13,1202.14,1207.15,1212.16,1217.17,1222.18,1227.2,1232.21,1237.22,1242.23,1247.24,1252.25,1257.26,1262.27,1267.28,1272.29,1277.3,1282.31,1287.32,1292.33,1297.33,1302.34,1307.35,1312.36,1317.37,1322.38,1327.39,1332.4,1337.4,1342.41,1347.42,1352.43,1357.44,1362.44,1367.45,1372.46,1377.47,1382.47,1387.48,1392.49,1397.5,1402.5,1407.51,1412.52,1417.52,1422.53,1427.53,1432.54,1437.55,1442.55,1447.56,1452.56,1457.57,1462.57,1467.58,1472.58,1477.59,1482.59,1487.6,1492.6,1497.61,1502.61,1507.61,1512.62,1517.62,1522.63,1527.63,1532.63,1537.64,1542.64,1547.64,1552.64,1557.65,1562.65,1567.65,1572.65,1577.65,1582.66,1587.66,1592.66,1597.66,1602.66,1607.66,1612.66,1617.66,1622.66,1627.66,1632.66,1637.66,1642.66,1647.66,1652.66,1657.66,1662.66,1667.66,1672.66,1677.66,1682.66,1687.65,1692.65,1697.65,1702.65,1707.64,1712.64,1717.64,1722.64,1727.63,1732.63,1737.62,1742.62,1747.62,1752.61,1757.61,1762.6,1767.6,1772.59,1777.59,1782.58,1787.58,1792.57,1797.56,1802.56,1807.55,1812.54,1817.54,1822.53,1827.52,1832.51,1837.51,1842.5,1847.49,1852.48,1857.47,1862.46,1867.45,1872.44,1877.43,1882.42,1887.41,1892.4,1897.39,1902.38,1907.37,1912.36,1917.35,1922.33,1927.32,1932.31,1937.3,1942.28,1947.27,1952.26,1957.24,1962.23,1967.21,1972.2,1977.18,1982.17,1987.15,1992.14,1997.12,2002.1,2007.09,2012.07,2017.05,2022.04,2027.02,2032.0,2036.98,2041.96,2046.95,2051.93,2056.91,2061.89,2066.87,2071.85,2076.83,2081.81,2086.79,2091.76,2096.74,2101.72,2106.7,2111.67,2116.65,2121.63,2126.6,2131.58,2136.56,2141.53,2146.51,2151.48,2156.46,2161.43,2166.41,2171.38,2176.35,2181.33,2186.3,2191.27,2196.24,2201.22,2206.19,2211.16,2216.13,2221.1,2226.07,2231.04,2236.01,2240.98,2245.95,2250.92,2255.89,2260.86,2265.82,2270.79,2275.76,2280.73,2285.69,2290.66,2295.62,2300.59,2305.56,2310.52,2315.49,2320.45,2325.41,2330.38,2335.34,2340.31,2345.27,2350.23,2355.19,2360.16,2365.12,2370.08,2375.04,2380.0,2384.97,2389.93,2394.89,2399.85,2404.81,2409.77,2414.72,2419.68,2424.64,2429.6,2434.56,2439.52,2444.48,2449.43,2454.39,2459.35,2464.31,2469.26,2474.22,2479.18,2484.13,2489.09,2494.04,2499.0
usgs_char_00,char,splib07a_BurnArea_Traverse_WRF00-01_ASDFRb_AREF,0.023584,0.023797,0.024090,0.024266,0.024410,0.024486,0.024714,0.024907,0.025041,0.025219,0.025435,0.025743,0.025995,0.026251,0.026516,0.026807,0.027077,0.027299,0.027520,0.027767,0.028003,0.028233,0.028437,0.028724,0.029008,0.029294,0.029587,0.029894,0.030256,0.030602,0.030956,0.031308,0.031700,0.032096,0.032485,0.032882,0.033302,0.033741,0.034169,0.034584,0.035009,0.035425,0.035830,0.036186,0.036518,0.036900,0.037275,0.037626,0.037951,0.038283,0.038680,0.039046,0.039387,0.039729,0.040108,0.040488,0.040850,0.041222,0.041624,0.042027,0.042416,0.042800,0.043218,0.043644,0.044037,0.044446,0.044873,0.045331,0.045760,0.046129,0.046546,0.047012,0.047510,0.047970,0.048404,0.048848,0.049313,0.049814,0.050205,0.050610,0.051069,0.051515,0.051940,0.052356,0.052815,0.053267,0.053711,0.054137,0.054513,0.054969,0.055451,0.055900,0.056359,0.056865,0.057337,0.057791,0.058204,0.058698,0.059201,0.059640,0.060102,0.060571,0.061071,0.061557,0.061944,0.062311,0.062907,0.063376,0.063814,0.064303,0.064937,0.065370,0.065428,0.065888,0.066531,0.067203,0.067821,0.068393,0.069006,0.069756,0.070493,0.070939,0.071483,0.072204,0.072893,0.073462,0.073957,0.074443,0.075024,0.075660,0.076201,0.076690,0.077261,0.077825,0.078416,0.078968,0.079512,0.080102,0.080672,0.081249,0.081828,0.082383,0.082967,0.083503,0.084032,0.084567,0.084999,0.085343,0.085659,0.086278,0.087078,0.087970,0.088769,0.089361,0.090094,0.091022,0.091864,0.092593,0.093216,0.093814,0.094414,0.095057,0.095745,0.096395,0.097006,0.097656,0.098364,0.099044,0.099679,0.100334,0.101025,0.101695,0.102339,0.102992,0.103670,0.104308,0.104961,0.105653,0.106395,0.107150,0.107759,0.108383,0.109006,0.109609,0.110234,0.110846,0.111466,0.112119,0.112744,0.113316,0.113843,0.114470,0.115138,0.115629,0.116090,0.116550,0.117011,0.117471,0.117932,0.118392,0.118853,0.119313,0.119774,0.120234,0.120695,0.121155,0.121618,0.122166,0.123159,0.124412,0.125279,0.126085,0.126943,0.127827,0.128904,0.129897,0.130477,0.130829,0.131433,0.132590,0.133691,0.134620,0.135613,0.136557,0.137316,0.138048,0.138837,0.139555,0.140275,0.140980,0.141690,0.142403,0.143121,0.143856,0.144543,0.145226,0.145901,0.146581,0.147262,0.147972,0.148726,0.149404,0.150013,0.150609,0.151200,0.151831,0.152473,0.153061,0.153616,0.154175,0.154746,0.155294,0.155895,0.156492,0.157074,0.157562,0.158004,0.158489,0.159070,0.159682,0.160253,0.160865,0.161505,0.162146,0.162785,0.163432,0.164078,0.164643,0.165201,0.165749,0.166290,0.166859,0.167522,0.168311,0.169383,0.170703,0.172120,0.173181,0.174284,0.175027,0.175147,0.175987,0.176342,0.176191,0.175988,0.176177,0.176778,0.176986,0.177313,0.177639,0.177964,0.178290,0.178617,0.178943,0.179269,0.179594,0.179920,0.180246,0.180572,0.180898,0.181224,0.181550,0.181876,0.182202,0.182527,0.182853,0.183179,0.183505,0.183831,0.184156,0.184482,0.184808,0.185134,0.185459,0.185785,0.186111,0.186436,0.186769,0.187237,0.187819,0.188598,0.188885,0.189351,0.190121,0.191008,0.191894,0.192782,0.193668,0.194554,0.195442,0.196328,0.197214,0.198101,0.198987,0.199875,0.200761,0.201649,0.202250,0.203242,0.204150,0.204589,0.204905,0.205114,0.205653,0.205893,0.205996,0.206150,0.206230,0.206197,0.206528,0.206656,0.206826,0.206825,0.206935,0.207056,0.207152,0.207061,0.207296,0.207333,0.207442,0.207321,0.207169,0.207098,0.206828,0.206430,0.206545,0.206562,0.207086,0.207841,0.208785,0.209837,0.210269,0.210404,0.210602,0.210500,0.210662,0.211234,0.211002,0.211202,0.211014,0.211148,0.210850,0.210755,0.210385,0.209663,0.209561,0.209860,0.209244,0.209407,0.210248,0.210419,0.210002,0.210154,0.210087,0.209995,0.210267,0.211369,0.210914,0.210433,0.211247,0.210798,0.210466,0.210130,0.209337,0.209123,0.208368,0.209910,0.207790,0.206903,0.207299,0.206445,0.204304,0.203809,0.203414,0.203897,0.201993,0.201885,0.201885,0.201885,0.201885,0.201885,0.201885,0.201885,0.201885,0.201885,0.201885
usgs_char_01,char,splib07a_BurnArea_TopSurface_WRF00-02_ASDFRb_AREF,0.023691,0.023796,0.023862,0.024002,0.024097,0.024209,0.024277,0.024354,0.024449,0.024550,0.024650,0.024783,0.024902,0.025037,0.025181,0.025325,0.025452,0.025585,0.025706,0.025836,0.025954,0.026090,0.026227,0.026367,0.026505,0.026634,0.026795,0.026934,0.027099,0.027249,0.027407,0.027587,0.027750,0.027907,0.028071,0.028238,0.028403,0.028567,0.028747,0.028912,0.029094,0.029262,0.029407,0.029541,0.029663,0.029799,0.029946,0.030075,0.030218,0.030368,0.030550,0.030713,0.030872,0.031039,0.031215,0.031396,0.031569,0.031752,0.031923,0.032103,0.032290,0.032475,0.032650,0.032847,0.033049,0.033228,0.033423,0.033624,0.033811,0.034035,0.034239,0.034421,0.034610,0.034801,0.035003,0.035206,0.035407,0.035611,0.035859,0.036041,0.036248,0.036447,0.036680,0.036918,0.037150,0.037394,0.037636,0.037872,0.038157,0.038412,0.038655,0.038914,0.039189,0.039444,0.039721,0.039970,0.040265,0.040545,0.040810,0.041075,0.041360,0.041653,0.041958,0.042246,0.042586,0.042951,0.043227,0.043562,0.043903,0.044205,0.044563,0.044952,0.045206,0.045627,0.045915,0.046261,0.046602,0.046921,0.047259,0.047681,0.047977,0.048296,0.048641,0.048988,0.049379,0.049578,0.049964,0.050297,0.050641,0.050983,0.051365,0.051695,0.052071,0.052394,0.052782,0.053132,0.053465,0.053818,0.054173,0.054555,0.054968,0.055349,0.055761,0.056145,0.056548,0.056972,0.057354,0.057715,0.058107,0.058666,0.059360,0.059865,0.060320,0.060763,0.061355,0.061990,0.062352,0.062683,0.063053,0.063471,0.063901,0.064343,0.064803,0.065244,0.065689,0.066150,0.066622,0.067052,0.067370,0.067719,0.068095,0.068493,0.068966,0.069373,0.069791,0.070219,0.070621,0.071085,0.071511,0.072071,0.072543,0.072973,0.073502,0.073917,0.074431,0.074952,0.075484,0.076032,0.076557,0.077092,0.077649,0.078186,0.078835,0.079434,0.080031,0.080628,0.081225,0.081821,0.082419,0.083016,0.083613,0.084209,0.084807,0.085404,0.086001,0.086597,0.087195,0.087711,0.087988,0.088453,0.088792,0.089255,0.089595,0.090151,0.090713,0.091189,0.091507,0.091849,0.092418,0.093122,0.093772,0.094233,0.094664,0.095158,0.095631,0.096124,0.096633,0.097137,0.097686,0.098176,0.098676,0.099197,0.099694,0.100206,0.100648,0.101100,0.101567,0.102083,0.102615,0.103134,0.103660,0.104162,0.104664,0.105128,0.105606,0.106060,0.106502,0.106976,0.107418,0.107864,0.108251,0.108639,0.109065,0.109550,0.110011,0.110447,0.110939,0.111381,0.111813,0.112283,0.112831,0.113403,0.113988,0.114635,0.115303,0.115890,0.116518,0.117134,0.117659,0.118083,0.118532,0.118981,0.119423,0.120068,0.120760,0.121408,0.122128,0.122480,0.122832,0.123395,0.123930,0.124388,0.125077,0.125983,0.126862,0.127443,0.128223,0.128529,0.128744,0.128959,0.129174,0.129389,0.129604,0.129819,0.130034,0.130249,0.130464,0.130679,0.130894,0.131109,0.131324,0.131539,0.131754,0.131969,0.132184,0.132399,0.132614,0.132829,0.133044,0.133258,0.133473,0.133688,0.133903,0.134118,0.134333,0.134547,0.134762,0.134991,0.135865,0.136220,0.137075,0.137635,0.138055,0.138619,0.138974,0.139739,0.141430,0.142763,0.142286,0.143447,0.144098,0.144448,0.144749,0.145193,0.146248,0.146731,0.147551,0.148307,0.148144,0.148753,0.149035,0.149516,0.149779,0.150018,0.150384,0.150738,0.151184,0.151428,0.151623,0.152140,0.152027,0.152112,0.152346,0.152601,0.152721,0.152781,0.153404,0.153610,0.154165,0.154710,0.154768,0.154859,0.155316,0.155751,0.155751,0.155995,0.156399,0.156824,0.157088,0.157634,0.157947,0.158291,0.158063,0.158469,0.158690,0.159172,0.159212,0.159479,0.160026,0.159777,0.160059,0.160393,0.160823,0.161291,0.161559,0.161635,0.161466,0.161841,0.161734,0.162159,0.162571,0.162347,0.162437,0.163428,0.163656,0.164295,0.165195,0.165305,0.165977,0.166000,0.166123,0.166452,0.166656,0.167462,0.166685,0.166106,0.166328,0.165636,0.164343,0.163903,0.163470,0.164174,0.166482,0.164976,0.164275,0.163020,0.162840,0.162840,0.162840,0.162840,0.162840,0.162840,0.162840,0.162840,0.162840,0.162840
usgs_pv_02,pv,splib07a_Chamise_CA01-ADFA-1_bush_1_ASDFRa_AREF,0.013621,0.013910,0.014216,0.014505,0.014823,0.015124,0.015461,0.015882,0.016372,0.016948,0.017543,0.018217,0.018849,0.019451,0.020057,0.020661,0.021242,0.021800,0.022337,0.022871,0.023384,0.023884,0.024377,0.024956,0.025656,0.026579,0.027795,0.029368,0.031349,0.033721,0.036123,0.038359,0.040306,0.042047,0.043691,0.045255,0.046538,0.047419,0.047998,0.048291,0.048461,0.048818,0.049396,0.050180,0.051238,0.052416,0.053492,0.054390,0.055279,0.056354,0.057735,0.059343,0.060823,0.061845,0.062541,0.063408,0.064476,0.065252,0.065921,0.067047,0.068745,0.071132,0.075139,0.082164,0.092083,0.103765,0.115997,0.127981,0.139260,0.150570,0.160979,0.170487,0.178718,0.185697,0.191687,0.196800,0.201311,0.205259,0.209226,0.213436,0.217253,0.220890,0.224353,0.227747,0.231195,0.234540,0.237934,0.240786,0.243328,0.246566,0.249752,0.252754,0.255974,0.259055,0.261903,0.264502,0.267104,0.269549,0.271782,0.274197,0.276569,0.278777,0.280668,0.282076,0.282821,0.284064,0.285846,0.286950,0.288411,0.290239,0.291249,0.291214,0.291095,0.290976,0.290857,0.290794,0.290615,0.290544,0.291355,0.292301,0.292756,0.293429,0.294731,0.296244,0.297887,0.300017,0.302439,0.304848,0.307469,0.310033,0.312484,0.314853,0.317030,0.319080,0.321097,0.322923,0.324703,0.326214,0.327878,0.329258,0.330455,0.331608,0.332561,0.333151,0.333529,0.333682,0.333544,0.333038,0.331914,0.329760,0.326000,0.321960,0.317911,0.313138,0.307088,0.301262,0.297117,0.294485,0.292673,0.291284,0.289786,0.288117,0.286681,0.285805,0.285416,0.285580,0.286708,0.288735,0.291680,0.295174,0.298824,0.302158,0.305004,0.307572,0.309813,0.311763,0.313311,0.314612,0.315711,0.316743,0.317622,0.318313,0.318610,0.318421,0.317732,0.316484,0.314486,0.311949,0.308524,0.304577,0.299956,0.293908,0.287902,0.283377,0.279451,0.274664,0.264300,0.253092,0.241861,0.230630,0.219399,0.208192,0.196961,0.185729,0.174498,0.163207,0.154247,0.149383,0.144133,0.140745,0.137262,0.133453,0.130826,0.130305,0.129900,0.129866,0.130280,0.130904,0.132067,0.133648,0.135536,0.137875,0.140211,0.142419,0.144680,0.147034,0.149411,0.151710,0.153918,0.156037,0.158027,0.159872,0.161570,0.163088,0.164560,0.166065,0.167501,0.168802,0.170103,0.171532,0.173013,0.174541,0.176067,0.177701,0.179346,0.180997,0.182710,0.184297,0.185698,0.186890,0.187928,0.188759,0.189298,0.189506,0.188983,0.187651,0.186047,0.184569,0.183099,0.181915,0.180782,0.179412,0.177497,0.175092,0.172640,0.170187,0.167606,0.165193,0.163245,0.162100,0.161838,0.162262,0.162937,0.163173,0.162693,0.161854,0.161718,0.162002,0.162075,0.162526,0.163464,0.163514,0.163510,0.164795,0.164800,0.164459,0.163385,0.161028,0.158667,0.156310,0.153953,0.151597,0.149236,0.146879,0.144522,0.142166,0.139809,0.137452,0.135096,0.132739,0.130382,0.128026,0.125669,0.123312,0.120956,0.118599,0.116243,0.113886,0.111529,0.109177,0.106820,0.104464,0.102108,0.099756,0.097400,0.095044,0.092768,0.093688,0.095902,0.097738,0.099478,0.100932,0.102376,0.103232,0.103856,0.104352,0.104756,0.104978,0.104550,0.104236,0.103366,0.102268,0.100875,0.099535,0.098185,0.096710,0.095491,0.094435,0.093639,0.092824,0.092291,0.091773,0.091124,0.090855,0.090378,0.090221,0.090138,0.089886,0.089881,0.089691,0.089699,0.089764,0.090140,0.090665,0.091248,0.092212,0.093184,0.094229,0.095356,0.096489,0.097588,0.098473,0.099491,0.100726,0.101866,0.102915,0.103529,0.104178,0.104514,0.104461,0.103907,0.102779,0.100939,0.098365,0.095516,0.092434,0.089525,0.087148,0.084973,0.082987,0.081405,0.080050,0.078531,0.076955,0.075252,0.073679,0.072888,0.072547,0.073130,0.073524,0.073558,0.073571,0.072998,0.072302,0.071816,0.071449,0.072185,0.072468,0.072209,0.072164,0.071545,0.071274,0.070895,0.070342,0.070117,0.070186,0.069023,0.068019,0.066061,0.066123,0.065895,0.064202,0.062131,0.062149,0.062646,0.062646,0.062646,0.062646,0.062646,0.062646,0.062646,0.062646,0.062646,0.062646,0.062646,0.062646
usgs_pv_03,pv,splib07a_Chamise_CA01-ADFA-2_bush_2_ASDFRa_AREF,0.011360,0.011571,0.011801,0.012037,0.012264,0.012473,0.012730,0.013042,0.013407,0.013837,0.014308,0.014822,0.015324,0.015822,0.016300,0.016760,0.017210,0.017623,0.018011,0.018387,0.018742,0.019086,0.019456,0.019892,0.020456,0.021218,0.022256,0.023640,0.025422,0.027518,0.029643,0.031614,0.033328,0.034867,0.036321,0.037659,0.038654,0.039207,0.039396,0.039277,0.039101,0.039114,0.039326,0.039723,0.040345,0.041045,0.041637,0.042071,0.042488,0.043100,0.043999,0.045031,0.045773,0.045982,0.045993,0.046353,0.046946,0.047218,0.047429,0.048083,0.049260,0.051161,0.054925,0.062034,0.072441,0.084923,0.097905,0.110463,0.122170,0.133466,0.143370,0.152044,0.159290,0.165384,0.170567,0.174974,0.178821,0.182270,0.185742,0.189249,0.192433,0.195495,0.198444,0.201291,0.204198,0.207007,0.209736,0.212080,0.214281,0.217013,0.219731,0.222177,0.224687,0.227114,0.229428,0.231554,0.233721,0.235750,0.237641,0.239558,0.241281,0.242915,0.244559,0.245927,0.246713,0.247664,0.248874,0.249823,0.251140,0.252609,0.253227,0.253045,0.252861,0.252676,0.252492,0.252376,0.252008,0.251762,0.252252,0.252810,0.253173,0.253901,0.254989,0.256360,0.257902,0.259843,0.262205,0.264333,0.266452,0.268529,0.270477,0.272556,0.274350,0.276105,0.277739,0.279288,0.280753,0.282037,0.283243,0.284479,0.285553,0.286483,0.287508,0.288229,0.288784,0.289192,0.289615,0.289550,0.289052,0.287405,0.283912,0.280432,0.277185,0.272835,0.267313,0.261721,0.257647,0.255319,0.253773,0.252500,0.251431,0.250052,0.248811,0.248183,0.247927,0.248198,0.249250,0.251156,0.253840,0.256860,0.260009,0.262949,0.265633,0.268052,0.270038,0.271746,0.273234,0.274475,0.275453,0.276423,0.277326,0.277992,0.278263,0.278214,0.277804,0.276829,0.275204,0.272969,0.269864,0.266424,0.262477,0.257242,0.252186,0.248972,0.246701,0.242429,0.232223,0.221342,0.210437,0.199533,0.188628,0.177747,0.166842,0.155938,0.145033,0.134213,0.126643,0.123634,0.117354,0.113896,0.112976,0.110361,0.108247,0.107979,0.107551,0.107723,0.108557,0.109496,0.110741,0.112106,0.113931,0.116003,0.118276,0.120484,0.122775,0.125140,0.127439,0.129784,0.132026,0.134201,0.136269,0.138127,0.139965,0.141674,0.143298,0.144962,0.146606,0.148041,0.149421,0.150847,0.152376,0.153917,0.155472,0.157245,0.159044,0.160696,0.162385,0.163974,0.165355,0.166642,0.167753,0.168844,0.169533,0.169685,0.169343,0.168169,0.166768,0.165451,0.164213,0.163055,0.161830,0.160504,0.158599,0.156118,0.153893,0.151628,0.149083,0.146773,0.144943,0.143857,0.143670,0.144098,0.144655,0.144838,0.144572,0.143742,0.143624,0.143997,0.144177,0.144449,0.145557,0.145840,0.145926,0.147201,0.147760,0.148385,0.147688,0.145401,0.143110,0.140822,0.138535,0.136248,0.133957,0.131669,0.129382,0.127095,0.124808,0.122521,0.120234,0.117946,0.115659,0.113372,0.111085,0.108798,0.106511,0.104224,0.101936,0.099649,0.097362,0.095079,0.092792,0.090505,0.088218,0.085936,0.083650,0.081363,0.079138,0.079396,0.080566,0.081811,0.083134,0.084433,0.085813,0.086857,0.087783,0.088396,0.088732,0.088581,0.088369,0.088024,0.087540,0.086811,0.085951,0.084958,0.083976,0.082905,0.081832,0.081158,0.080540,0.079977,0.079586,0.079301,0.079012,0.078728,0.078579,0.078408,0.078302,0.078204,0.078177,0.078170,0.078152,0.078186,0.078464,0.078973,0.079614,0.080338,0.081163,0.082059,0.082985,0.083969,0.085004,0.085922,0.086872,0.087763,0.088578,0.089435,0.090185,0.090718,0.091194,0.091236,0.090662,0.089557,0.087943,0.085733,0.083086,0.080382,0.077869,0.075561,0.073436,0.071584,0.070267,0.068991,0.067764,0.066461,0.064824,0.063425,0.062674,0.062565,0.062830,0.063382,0.063477,0.063229,0.062863,0.062339,0.061621,0.061630,0.062014,0.062351,0.062365,0.062493,0.062650,0.062550,0.061623,0.060765,0.060573,0.060295,0.059443,0.058594,0.058069,0.057775,0.057180,0.055955,0.054612,0.054097,0.054112,0.054112,0.054112,0.054112,0.054112,0.054112,0.054112,0.054112,0.054112,0.054112,0.054112,0.054112
usgs_pv_04,pv,splib07a_Buckbrush_CA01-CECU-1_bush_1_ASDFRa_AREF,0.032423,0.032788,0.033240,0.033665,0.034072,0.034451,0.034846,0.035274,0.035743,0.036232,0.036832,0.037527,0.038299,0.039128,0.039936,0.040664,0.041311,0.041865,0.042386,0.042858,0.043289,0.043700,0.044129,0.044561,0.045078,0.045690,0.046398,0.047273,0.048327,0.049531,0.050851,0.052157,0.053414,0.054591,0.055708,0.056742,0.057583,0.058175,0.058574,0.058822,0.059068,0.059402,0.059835,0.060345,0.061005,0.061703,0.062360,0.062924,0.063445,0.064043,0.064779,0.065583,0.066226,0.066562,0.066793,0.067239,0.067771,0.068029,0.068169,0.068508,0.069172,0.070394,0.072976,0.077622,0.084070,0.091600,0.099297,0.106656,0.113415,0.120046,0.125961,0.131239,0.135656,0.139303,0.142331,0.144821,0.146863,0.148702,0.150569,0.152435,0.154103,0.155680,0.157161,0.158675,0.160163,0.161599,0.163029,0.164150,0.165300,0.166810,0.168214,0.169514,0.170874,0.172189,0.173418,0.174587,0.175791,0.176908,0.178025,0.178995,0.179875,0.180775,0.181791,0.182558,0.183117,0.183901,0.184516,0.185199,0.186079,0.186917,0.187286,0.187563,0.188004,0.188446,0.188886,0.189198,0.189177,0.189182,0.189386,0.189547,0.189910,0.190492,0.191175,0.192086,0.193085,0.194242,0.195561,0.196831,0.198229,0.199421,0.200678,0.202118,0.203301,0.204591,0.205699,0.206871,0.208045,0.209004,0.210073,0.211124,0.212157,0.213011,0.213938,0.214666,0.215317,0.215703,0.216120,0.215984,0.215883,0.215791,0.215354,0.214641,0.213284,0.211452,0.208991,0.207005,0.205380,0.204250,0.203528,0.203164,0.202981,0.202676,0.202627,0.202559,0.202703,0.203275,0.204117,0.205458,0.207185,0.209212,0.211543,0.213591,0.215524,0.217335,0.218935,0.220337,0.221548,0.222628,0.223794,0.224979,0.226030,0.226817,0.227433,0.227924,0.228155,0.228061,0.227620,0.226865,0.225838,0.224193,0.222004,0.219565,0.216862,0.214151,0.211147,0.207720,0.202768,0.197510,0.192242,0.186973,0.181704,0.176447,0.171178,0.165909,0.160640,0.155367,0.148472,0.142081,0.137940,0.135005,0.132453,0.130396,0.129164,0.128848,0.128887,0.129032,0.129144,0.129587,0.130384,0.131702,0.132959,0.134435,0.136201,0.137803,0.139409,0.141170,0.142916,0.144597,0.146300,0.147906,0.149428,0.150871,0.152231,0.153555,0.154725,0.155999,0.157331,0.158410,0.159360,0.160514,0.161841,0.163048,0.164221,0.165592,0.167024,0.168467,0.169869,0.171315,0.172553,0.173774,0.174786,0.175632,0.176432,0.176848,0.177051,0.176653,0.175992,0.175556,0.175066,0.174539,0.174150,0.173699,0.172788,0.171418,0.169985,0.168396,0.166631,0.165136,0.163557,0.162053,0.161138,0.161074,0.161956,0.162829,0.163196,0.162775,0.162589,0.162826,0.162923,0.163305,0.164123,0.164414,0.164488,0.164750,0.165256,0.165133,0.164071,0.162269,0.160464,0.158662,0.156861,0.155059,0.153254,0.151452,0.149650,0.147849,0.146047,0.144245,0.142444,0.140642,0.138840,0.137039,0.135237,0.133435,0.131634,0.129832,0.128030,0.126229,0.124427,0.122629,0.120827,0.119025,0.117224,0.115427,0.113625,0.111824,0.110078,0.110534,0.111656,0.112909,0.114213,0.115227,0.116193,0.116761,0.116925,0.118062,0.119638,0.120061,0.120080,0.119526,0.118526,0.117534,0.116116,0.114626,0.113323,0.112090,0.111207,0.110408,0.109918,0.109492,0.108887,0.108383,0.108013,0.107573,0.107146,0.106975,0.106860,0.106603,0.106603,0.106700,0.106797,0.106921,0.107224,0.107580,0.108074,0.108800,0.109509,0.110122,0.110738,0.111493,0.112209,0.112975,0.113940,0.114629,0.115564,0.116207,0.116777,0.117467,0.117651,0.117449,0.116982,0.116112,0.114686,0.112770,0.110485,0.108246,0.105752,0.103480,0.101732,0.100276,0.098811,0.097713,0.096534,0.095318,0.094252,0.092581,0.090931,0.090078,0.090345,0.091561,0.091886,0.091445,0.091031,0.090615,0.089725,0.089371,0.090212,0.090365,0.090099,0.089621,0.090031,0.089553,0.089190,0.088731,0.089203,0.088894,0.088639,0.088003,0.086813,0.086310,0.086054,0.084270,0.083241,0.081899,0.081771,0.081771,0.081771,0.081771,0.081771,0.081771,0.081771,0.081771,0.081771,0.081771,0.081771,0.081771
usgs_pv_05,pv,splib07a_Buckbrush_CA01-CECU-2_bush_2_ASDFRa_AREF,0.030629,0.031025,0.031471,0.031933,0.032386,0.032845,0.033302,0.033825,0.034375,0.034967,0.035690,0.036548,0.037487,0.038458,0.039367,0.040160,0.040840,0.041410,0.041931,0.042391,0.042805,0.043185,0.043595,0.044040,0.044600,0.045306,0.046185,0.047337,0.048800,0.050554,0.052421,0.054193,0.055768,0.057138,0.058370,0.059452,0.060217,0.060603,0.060698,0.060573,0.060447,0.060479,0.060669,0.060984,0.061497,0.062050,0.062494,0.062801,0.063079,0.063474,0.064084,0.064783,0.065213,0.065152,0.064909,0.064999,0.065253,0.065163,0.064921,0.064978,0.065499,0.066826,0.070115,0.076245,0.084827,0.094879,0.105184,0.115155,0.124472,0.133707,0.141972,0.149320,0.155401,0.160314,0.164276,0.167428,0.170007,0.172191,0.174372,0.176587,0.178527,0.180349,0.182035,0.183744,0.185430,0.187048,0.188672,0.189852,0.190973,0.192650,0.194229,0.195657,0.197206,0.198681,0.200036,0.201271,0.202514,0.203711,0.204830,0.205876,0.206811,0.207704,0.208676,0.209299,0.209596,0.210184,0.210833,0.211319,0.212109,0.213002,0.213275,0.213167,0.213130,0.213092,0.213054,0.212922,0.212435,0.212068,0.212189,0.212419,0.212696,0.213247,0.214072,0.215153,0.216320,0.217797,0.219435,0.220905,0.222484,0.223893,0.225395,0.227067,0.228566,0.230011,0.231233,0.232520,0.233869,0.234969,0.236155,0.237270,0.238262,0.239092,0.240096,0.240712,0.241313,0.241560,0.241532,0.240883,0.239975,0.239139,0.238335,0.237074,0.234734,0.231796,0.228274,0.225161,0.222814,0.221419,0.220474,0.219889,0.219472,0.219029,0.218827,0.218674,0.218719,0.219251,0.220253,0.221841,0.223916,0.226256,0.228846,0.231275,0.233474,0.235477,0.237278,0.238886,0.240239,0.241500,0.242724,0.243955,0.244982,0.245686,0.246203,0.246444,0.246362,0.245790,0.244687,0.243263,0.241423,0.238907,0.235760,0.232147,0.228338,0.224376,0.220096,0.215441,0.208903,0.202044,0.195171,0.188299,0.181426,0.174568,0.167695,0.160822,0.153949,0.147056,0.139387,0.132880,0.128945,0.126234,0.123698,0.121782,0.120756,0.120486,0.120758,0.121087,0.121265,0.121607,0.122407,0.123959,0.125553,0.127278,0.129350,0.131329,0.133242,0.135315,0.137419,0.139452,0.141475,0.143425,0.145277,0.147054,0.148774,0.150387,0.151825,0.153391,0.155033,0.156400,0.157625,0.159023,0.160648,0.162129,0.163628,0.165225,0.166962,0.168701,0.170415,0.172109,0.173615,0.175027,0.176326,0.177395,0.178353,0.178971,0.179270,0.179018,0.178442,0.178021,0.177636,0.177163,0.176695,0.176318,0.175235,0.173629,0.172083,0.170457,0.168587,0.166800,0.165214,0.163842,0.162986,0.162840,0.163433,0.163990,0.164214,0.163564,0.163136,0.163259,0.163164,0.163321,0.163816,0.163786,0.163606,0.164135,0.164105,0.164026,0.163053,0.161059,0.159061,0.157067,0.155073,0.153078,0.151081,0.149086,0.147092,0.145098,0.143104,0.141109,0.139115,0.137121,0.135127,0.133133,0.131138,0.129144,0.127150,0.125156,0.123162,0.121167,0.119173,0.117183,0.115189,0.113194,0.111201,0.109211,0.107217,0.105223,0.103285,0.103450,0.104812,0.106105,0.107271,0.108328,0.109346,0.110125,0.110583,0.111539,0.112978,0.113887,0.113546,0.113195,0.112483,0.111492,0.110222,0.108937,0.107832,0.106781,0.105900,0.105114,0.104621,0.104195,0.103802,0.103383,0.103020,0.102622,0.102603,0.102489,0.102450,0.102379,0.102560,0.102689,0.103054,0.103315,0.103776,0.104182,0.104861,0.105595,0.106463,0.107247,0.108050,0.108781,0.109422,0.110262,0.111250,0.112121,0.113050,0.113877,0.114472,0.115033,0.115301,0.115194,0.114742,0.113505,0.112206,0.110278,0.108041,0.105781,0.103632,0.101106,0.098930,0.097417,0.096274,0.095306,0.094268,0.093234,0.092349,0.090899,0.089502,0.088636,0.088767,0.089356,0.089058,0.088687,0.088358,0.087867,0.087219,0.087163,0.087016,0.087421,0.087095,0.086909,0.086561,0.086751,0.086185,0.086213,0.086227,0.085670,0.085114,0.084446,0.083380,0.083156,0.081411,0.080457,0.079456,0.077763,0.077242,0.077242,0.077242,0.077242,0.077242,0.077242,0.077242,0.077242,0.077242,0.077242,0.077242,0.077242
usgs_pv_06,pv,splib07a_Buckbrush_CA01-CECU-3_bush_3_ASDFRa_AREF,0.047699,0.048189,0.048782,0.049325,0.049880,0.050357,0.050827,0.051361,0.051917,0.052521,0.053236,0.054117,0.055056,0.056037,0.056961,0.057763,0.058457,0.059037,0.059572,0.060061,0.060504,0.060909,0.061340,0.061794,0.062325,0.062969,0.063722,0.064630,0.065722,0.066999,0.068391,0.069840,0.071287,0.072694,0.074025,0.075235,0.076190,0.076873,0.077340,0.077620,0.077846,0.078166,0.078568,0.079039,0.079632,0.080254,0.080768,0.081118,0.081441,0.081886,0.082511,0.083244,0.083898,0.084268,0.084486,0.084818,0.085114,0.085092,0.085011,0.085213,0.085762,0.086794,0.088987,0.093098,0.099066,0.106174,0.113388,0.120080,0.125906,0.131382,0.136100,0.140265,0.143748,0.146600,0.148991,0.150966,0.152699,0.154183,0.155658,0.157271,0.158706,0.160059,0.161320,0.162625,0.163920,0.165190,0.166482,0.167493,0.168442,0.169789,0.171103,0.172319,0.173620,0.174885,0.176061,0.177155,0.178224,0.179328,0.180378,0.181354,0.182271,0.183155,0.184212,0.184975,0.185597,0.186306,0.187115,0.187808,0.188713,0.189711,0.190379,0.190870,0.191406,0.191944,0.192480,0.192997,0.193374,0.193813,0.194464,0.195109,0.195732,0.196471,0.197335,0.198369,0.199407,0.200603,0.201801,0.203073,0.204386,0.205389,0.206625,0.207949,0.209091,0.210322,0.211338,0.212431,0.213647,0.214668,0.215723,0.216801,0.217869,0.218814,0.219821,0.220537,0.221294,0.221827,0.222166,0.222154,0.222181,0.222588,0.223210,0.223384,0.222881,0.221597,0.220233,0.219411,0.218575,0.217971,0.217538,0.217296,0.217326,0.217296,0.217484,0.217678,0.217961,0.218573,0.219468,0.220796,0.222430,0.224445,0.226627,0.228612,0.230463,0.232158,0.233707,0.235099,0.236206,0.237370,0.238674,0.239974,0.241034,0.241886,0.242686,0.243347,0.243785,0.244035,0.243935,0.243680,0.243277,0.242324,0.240954,0.239411,0.237427,0.234981,0.232070,0.228709,0.224881,0.220962,0.217035,0.213107,0.209180,0.205260,0.201333,0.197405,0.193478,0.189520,0.183900,0.177625,0.173409,0.170268,0.167572,0.165337,0.164032,0.163916,0.163924,0.164123,0.164118,0.164390,0.165268,0.166915,0.168330,0.169927,0.171725,0.173206,0.174620,0.176257,0.178030,0.179710,0.181291,0.182850,0.184350,0.185716,0.187068,0.188303,0.189344,0.190554,0.191870,0.192894,0.193730,0.194807,0.196179,0.197341,0.198451,0.199725,0.200982,0.202303,0.203573,0.204851,0.205984,0.206989,0.207916,0.208679,0.209328,0.209708,0.209856,0.209461,0.208851,0.208290,0.207670,0.206995,0.206377,0.205679,0.204591,0.202996,0.201468,0.199737,0.197880,0.196101,0.194453,0.192810,0.191764,0.191829,0.193131,0.194408,0.195118,0.194729,0.194705,0.195138,0.195415,0.196225,0.197378,0.197690,0.197850,0.198359,0.198499,0.198677,0.197877,0.196133,0.194386,0.192642,0.190898,0.189154,0.187407,0.185663,0.183919,0.182176,0.180432,0.178688,0.176944,0.175200,0.173456,0.171712,0.169969,0.168225,0.166481,0.164737,0.162993,0.161250,0.159506,0.157765,0.156021,0.154278,0.152534,0.150794,0.149051,0.147307,0.145620,0.145885,0.146447,0.147400,0.148560,0.149809,0.150562,0.151007,0.151183,0.152460,0.155000,0.155703,0.155768,0.155006,0.153760,0.152401,0.150939,0.149360,0.147771,0.146706,0.146026,0.145211,0.144917,0.144482,0.143915,0.143276,0.142746,0.142375,0.142110,0.141690,0.141389,0.140978,0.140935,0.141031,0.140930,0.140977,0.141116,0.141318,0.141823,0.142388,0.143144,0.143778,0.144550,0.145045,0.145688,0.146447,0.147307,0.148166,0.149049,0.149832,0.150526,0.150864,0.151065,0.150884,0.150452,0.149051,0.147155,0.144723,0.142125,0.139393,0.136551,0.134012,0.131767,0.129804,0.128191,0.126761,0.125315,0.123910,0.122152,0.120219,0.118090,0.116907,0.117824,0.119811,0.120740,0.120414,0.120088,0.119099,0.118088,0.117236,0.117739,0.118354,0.118754,0.118840,0.118563,0.118493,0.117933,0.117648,0.117485,0.116960,0.116558,0.115632,0.114399,0.113205,0.112011,0.111609,0.111081,0.110083,0.109930,0.109930,0.109930,0.109930,0.109930,0.109930,0.109930,0.109930,0.109930,0.109930,0.109930,0.109930
usgs_pv_07,pv,splib07a_Manzanita_CA01-ARVI-1_bush_1_ASDFRa_AREF,0.025319,0.025377,0.025408,0.025489,0.025527,0.025626,0.025762,0.025934,0.026173,0.026521,0.027088,0.027982,0.029210,0.030728,0.032376,0.033902,0.035139,0.036061,0.036749,0.037287,0.037713,0.038053,0.038355,0.038736,0.039293,0.040076,0.041162,0.042632,0.044516,0.046770,0.049143,0.051457,0.053615,0.055642,0.057584,0.059362,0.060693,0.061513,0.062003,0.062108,0.062112,0.062360,0.062870,0.063614,0.064627,0.065665,0.066373,0.066758,0.067041,0.067520,0.068311,0.069226,0.069745,0.069455,0.068701,0.068290,0.067963,0.066880,0.065575,0.065003,0.065372,0.067179,0.072463,0.082714,0.097235,0.114363,0.131926,0.148463,0.163285,0.177302,0.189245,0.199579,0.208045,0.215090,0.221007,0.226071,0.230419,0.234325,0.238278,0.242270,0.245929,0.249387,0.252676,0.255913,0.259196,0.262384,0.265467,0.268037,0.270524,0.273463,0.276261,0.278704,0.281298,0.283859,0.286278,0.288470,0.290692,0.292655,0.294543,0.296536,0.298373,0.299984,0.301290,0.302191,0.302533,0.303371,0.304253,0.304785,0.305524,0.306267,0.306072,0.304736,0.303107,0.301474,0.299845,0.297616,0.293861,0.290480,0.288342,0.287415,0.286803,0.287015,0.288012,0.289517,0.291506,0.294117,0.297308,0.300582,0.303976,0.307245,0.310406,0.313524,0.316359,0.319121,0.321624,0.323891,0.325993,0.327709,0.329353,0.330675,0.331975,0.332916,0.333487,0.333442,0.333179,0.332445,0.331648,0.330610,0.328487,0.323746,0.316542,0.308607,0.301077,0.292062,0.280787,0.270293,0.263371,0.259433,0.257136,0.255535,0.253960,0.252297,0.250783,0.249541,0.248801,0.248690,0.249537,0.251407,0.254050,0.257413,0.260938,0.264103,0.267010,0.269621,0.271954,0.273849,0.275378,0.276603,0.277465,0.277971,0.278268,0.278218,0.277667,0.276427,0.274457,0.271767,0.268308,0.263991,0.258548,0.252433,0.245718,0.237732,0.230098,0.224641,0.220002,0.213150,0.202289,0.190924,0.179534,0.168144,0.156755,0.145389,0.133999,0.122610,0.111220,0.100076,0.094498,0.089832,0.086990,0.084158,0.082928,0.080530,0.078890,0.078633,0.078312,0.078434,0.078659,0.078857,0.079622,0.080877,0.082042,0.083669,0.085527,0.087064,0.088710,0.090490,0.092205,0.093987,0.095761,0.097512,0.099087,0.100591,0.102087,0.103533,0.104880,0.106267,0.107597,0.108796,0.109939,0.111086,0.112415,0.113716,0.114861,0.116181,0.117439,0.118694,0.120064,0.121339,0.122446,0.123508,0.124375,0.125009,0.125300,0.125211,0.124755,0.123624,0.122296,0.121808,0.121841,0.122010,0.122037,0.121687,0.120622,0.119182,0.117705,0.115802,0.113808,0.111861,0.110212,0.108949,0.108180,0.108030,0.108097,0.108151,0.107934,0.106870,0.106024,0.105842,0.105586,0.105567,0.106178,0.105917,0.105889,0.105910,0.105875,0.106372,0.106218,0.104392,0.102563,0.100737,0.098910,0.097084,0.095255,0.093429,0.091603,0.089777,0.087951,0.086125,0.084299,0.082472,0.080646,0.078820,0.076994,0.075168,0.073342,0.071516,0.069690,0.067864,0.066038,0.064215,0.062389,0.060563,0.058738,0.056916,0.055090,0.053264,0.051473,0.051158,0.052318,0.052896,0.053556,0.054435,0.055137,0.056088,0.056650,0.057472,0.057634,0.057882,0.057657,0.057315,0.057421,0.057188,0.056578,0.055919,0.055513,0.055007,0.054608,0.054015,0.053715,0.053183,0.053168,0.052875,0.052610,0.052333,0.052161,0.052029,0.051927,0.051895,0.051787,0.051590,0.051522,0.051380,0.051703,0.052029,0.052625,0.053082,0.053624,0.054081,0.054695,0.055394,0.055911,0.056548,0.057302,0.057878,0.058599,0.059212,0.059566,0.060017,0.060205,0.060299,0.060339,0.060016,0.059092,0.057894,0.056546,0.055199,0.053500,0.052137,0.050695,0.049405,0.048299,0.047213,0.046409,0.045384,0.044570,0.043126,0.042107,0.041460,0.041974,0.042648,0.042302,0.042597,0.042132,0.041108,0.040470,0.040863,0.040575,0.040454,0.041212,0.041264,0.040141,0.040541,0.040758,0.039542,0.039101,0.038966,0.037929,0.038104,0.037314,0.035328,0.036395,0.037828,0.036460,0.034047,0.033949,0.033949,0.033949,0.033949,0.033949,0.033949,0.033949,0.033949,0.033949,0.033949,0.033949,0.033949
usgs_pv_08,pv,splib07a_Manzanita_CA01-ARVI-4_bush_4_ASDFRa_AREF,0.019825,0.020023,0.020225,0.020480,0.020705,0.020981,0.021204,0.021509,0.021869,0.022309,0.022921,0.023772,0.024837,0.026036,0.027301,0.028453,0.029407,0.030160,0.030752,0.031253,0.031667,0.032005,0.032317,0.032743,0.033268,0.033963,0.034906,0.036107,0.037628,0.039494,0.041408,0.043278,0.044972,0.046533,0.048012,0.049378,0.050459,0.051249,0.051844,0.052209,0.052502,0.052968,0.053599,0.054457,0.055476,0.056546,0.057474,0.058224,0.058935,0.059771,0.060848,0.062046,0.062997,0.063422,0.063527,0.063851,0.064246,0.064109,0.063820,0.064037,0.064921,0.066826,0.071184,0.078823,0.089047,0.100831,0.112839,0.124275,0.134815,0.145175,0.154317,0.162549,0.169500,0.175492,0.180650,0.185201,0.189159,0.192895,0.196702,0.200402,0.203899,0.207260,0.210502,0.213718,0.216984,0.220160,0.223253,0.225916,0.228582,0.231614,0.234511,0.237133,0.239927,0.242623,0.245215,0.247608,0.250113,0.252303,0.254345,0.256536,0.258616,0.260690,0.262531,0.263834,0.264386,0.265758,0.267203,0.268112,0.269385,0.270912,0.271370,0.270898,0.270272,0.269644,0.269017,0.268006,0.265926,0.264171,0.263550,0.263825,0.263473,0.264205,0.265522,0.267087,0.268996,0.271592,0.274685,0.277598,0.280889,0.284027,0.287069,0.290099,0.292871,0.295651,0.298201,0.300636,0.303047,0.305087,0.307057,0.308732,0.310352,0.311770,0.312713,0.313596,0.314103,0.314281,0.314469,0.314597,0.313343,0.309267,0.302637,0.296493,0.291740,0.285744,0.277390,0.268886,0.263770,0.261404,0.260159,0.259342,0.258437,0.257145,0.256072,0.255330,0.255128,0.255390,0.256315,0.258178,0.260956,0.264360,0.267920,0.271308,0.274426,0.277275,0.279919,0.282287,0.284323,0.286027,0.287150,0.288058,0.289027,0.289797,0.290204,0.290110,0.289314,0.287809,0.285662,0.282565,0.278527,0.273854,0.268492,0.261537,0.255136,0.251151,0.248442,0.244287,0.234061,0.222974,0.211863,0.200753,0.189642,0.178555,0.167444,0.156333,0.145222,0.134253,0.127456,0.125539,0.120697,0.117181,0.115864,0.113473,0.111136,0.110014,0.109939,0.110250,0.110854,0.111436,0.112349,0.113367,0.114605,0.116250,0.118211,0.120052,0.122016,0.124024,0.125954,0.127853,0.129774,0.131599,0.133349,0.134925,0.136444,0.137885,0.139158,0.140471,0.141797,0.143034,0.144275,0.145493,0.146704,0.147966,0.149261,0.150666,0.152191,0.153698,0.155313,0.156738,0.157956,0.159160,0.160215,0.161031,0.161419,0.161331,0.160810,0.159609,0.158286,0.157663,0.157405,0.157236,0.157081,0.156697,0.155678,0.154169,0.152601,0.150652,0.148549,0.146565,0.144705,0.143358,0.142591,0.142465,0.143093,0.143417,0.143392,0.142528,0.142067,0.142191,0.142289,0.142717,0.143630,0.143549,0.143771,0.144384,0.144577,0.144849,0.143964,0.142068,0.140169,0.138273,0.136378,0.134482,0.132583,0.130687,0.128791,0.126895,0.125000,0.123104,0.121208,0.119313,0.117417,0.115521,0.113625,0.111730,0.109834,0.107938,0.106043,0.104147,0.102251,0.100359,0.098464,0.096568,0.094673,0.092781,0.090886,0.088990,0.087175,0.088188,0.089509,0.090772,0.092330,0.093645,0.094989,0.096088,0.097013,0.097692,0.097230,0.097167,0.096064,0.095494,0.094746,0.094019,0.092996,0.092011,0.090975,0.089595,0.088228,0.087108,0.086361,0.085380,0.084627,0.084129,0.083693,0.083084,0.082751,0.082609,0.082450,0.082297,0.082226,0.081980,0.081867,0.081971,0.082329,0.082809,0.083275,0.083953,0.084957,0.085867,0.086753,0.087663,0.088502,0.089489,0.090372,0.091116,0.092222,0.093132,0.093842,0.094507,0.095193,0.095486,0.095223,0.094436,0.093158,0.091222,0.089103,0.086918,0.084858,0.082372,0.080403,0.078776,0.077390,0.076289,0.075244,0.073994,0.072467,0.070821,0.069082,0.068587,0.069455,0.069893,0.070156,0.070074,0.069794,0.069297,0.068641,0.067982,0.068133,0.068592,0.069113,0.068831,0.068582,0.068561,0.068310,0.068283,0.068420,0.068413,0.067739,0.067354,0.067011,0.064399,0.063009,0.063037,0.061523,0.060131,0.060272,0.060272,0.060272,0.060272,0.060272,0.060272,0.060272,0.060272,0.060272,0.060272,0.060272,0.060272
usgs_pv_09,pv,splib07a_Manzanita_CA01-ARVI-6_bush_6_ASDFRa_AREF,0.024383,0.024504,0.024638,0.024820,0.024986,0.025197,0.025442,0.025789,0.026235,0.026844,0.027713,0.028984,0.030564,0.032383,0.034263,0.035951,0.037301,0.038309,0.039078,0.039705,0.040202,0.040598,0.040975,0.041449,0.042100,0.043001,0.044225,0.045814,0.047844,0.050297,0.052857,0.055355,0.057680,0.059849,0.061925,0.063811,0.065198,0.066007,0.066434,0.066458,0.066423,0.066672,0.067211,0.068040,0.069123,0.070256,0.071128,0.071652,0.072087,0.072721,0.073679,0.074784,0.075522,0.075531,0.075110,0.074958,0.074799,0.073856,0.072731,0.072322,0.072792,0.074585,0.079606,0.089422,0.103816,0.121718,0.140993,0.159888,0.177401,0.194370,0.209038,0.221770,0.232169,0.240726,0.247815,0.253681,0.258574,0.262959,0.267398,0.271647,0.275529,0.279229,0.282706,0.286164,0.289654,0.293060,0.296334,0.298976,0.301650,0.304868,0.307889,0.310445,0.313131,0.315847,0.318494,0.320895,0.323370,0.325655,0.327760,0.329756,0.331461,0.333133,0.334846,0.336131,0.336645,0.337546,0.338385,0.339004,0.339996,0.341007,0.341007,0.339959,0.338690,0.337419,0.336151,0.334132,0.330229,0.326486,0.323906,0.322675,0.321892,0.322141,0.323129,0.324774,0.327043,0.330138,0.333884,0.337612,0.341349,0.345267,0.348889,0.352483,0.355836,0.359057,0.361958,0.364891,0.367428,0.369747,0.371766,0.373552,0.375009,0.376225,0.377063,0.377403,0.377483,0.376972,0.376617,0.375952,0.373878,0.367889,0.358820,0.349879,0.342190,0.333404,0.321041,0.308812,0.301292,0.297300,0.295078,0.293434,0.291610,0.289413,0.287337,0.285895,0.285134,0.284957,0.285645,0.287551,0.290793,0.294913,0.299299,0.303364,0.306975,0.310204,0.313104,0.315667,0.317731,0.319417,0.320501,0.321287,0.321946,0.322210,0.322016,0.321170,0.319566,0.317018,0.313462,0.308767,0.302774,0.296197,0.288784,0.279431,0.270725,0.265040,0.261061,0.256495,0.244722,0.232041,0.219333,0.206625,0.193917,0.181236,0.168528,0.155820,0.143112,0.130273,0.115988,0.110120,0.104558,0.100747,0.099769,0.097248,0.094923,0.094024,0.093525,0.093824,0.094312,0.095002,0.095722,0.096805,0.098206,0.099917,0.101761,0.103574,0.105627,0.107631,0.109600,0.111667,0.113665,0.115558,0.117326,0.118987,0.120647,0.122189,0.123566,0.125064,0.126570,0.127914,0.129195,0.130539,0.131949,0.133254,0.134601,0.136089,0.137629,0.139204,0.140816,0.142267,0.143558,0.144772,0.145811,0.146625,0.147052,0.146893,0.146265,0.144860,0.143460,0.142890,0.142739,0.142650,0.142557,0.141986,0.140675,0.138816,0.136945,0.134719,0.132218,0.130001,0.128058,0.126422,0.125501,0.125541,0.125978,0.126358,0.125971,0.124878,0.124198,0.124172,0.123988,0.124182,0.125167,0.125165,0.124963,0.125915,0.125859,0.126034,0.125563,0.123528,0.121488,0.119452,0.117416,0.115381,0.113341,0.111305,0.109270,0.107234,0.105198,0.103162,0.101127,0.099091,0.097055,0.095019,0.092984,0.090948,0.088912,0.086876,0.084841,0.082805,0.080769,0.078737,0.076702,0.074666,0.072631,0.070599,0.068564,0.066529,0.064563,0.065397,0.066321,0.067394,0.068499,0.069543,0.070400,0.071479,0.072411,0.072783,0.072889,0.072589,0.071846,0.071527,0.071187,0.070756,0.070064,0.069118,0.068355,0.067492,0.066658,0.066168,0.065645,0.064990,0.064508,0.064238,0.064016,0.063772,0.063477,0.063448,0.063516,0.063352,0.063382,0.063325,0.063204,0.063240,0.063590,0.063978,0.064477,0.065151,0.066034,0.066937,0.067844,0.068563,0.069211,0.069851,0.070722,0.071460,0.072334,0.072988,0.073466,0.073971,0.074177,0.074489,0.074244,0.073325,0.072472,0.071061,0.069054,0.067137,0.065397,0.063341,0.061639,0.059963,0.058503,0.057339,0.056089,0.054937,0.053235,0.051662,0.050352,0.050040,0.050551,0.051612,0.051503,0.051434,0.050795,0.050218,0.049816,0.049523,0.049464,0.049541,0.049772,0.049945,0.050260,0.049989,0.049366,0.048530,0.049100,0.049320,0.048395,0.047954,0.046629,0.045562,0.045016,0.045531,0.044612,0.044564,0.044199,0.044199,0.044199,0.044199,0.044199,0.044199,0.044199,0.044199,0.044199,0.044199,0.044199,0.044199
usgs_pv_10,pv,splib07a_Oak_QUDU_CA01-QUDU-1_bush_1_ASDFRa_AREF,0.011910,0.012191,0.012555,0.012976,0.013396,0.013819,0.014233,0.014747,0.015262,0.015834,0.016425,0.017103,0.017741,0.018319,0.018842,0.019303,0.019686,0.020011,0.020307,0.020593,0.020861,0.021123,0.021402,0.021738,0.022170,0.022773,0.023638,0.024926,0.026887,0.029664,0.032902,0.036143,0.038986,0.041417,0.043603,0.045477,0.046503,0.046461,0.045595,0.044077,0.042482,0.041328,0.040618,0.040270,0.040266,0.040289,0.039972,0.039285,0.038563,0.038158,0.038148,0.038342,0.038227,0.037473,0.036468,0.035778,0.035239,0.034408,0.033688,0.033471,0.033721,0.034571,0.037072,0.043249,0.055852,0.075660,0.099604,0.124810,0.150047,0.175501,0.198572,0.218811,0.235198,0.248176,0.258252,0.265782,0.271350,0.275453,0.279449,0.283112,0.286118,0.288850,0.291384,0.293834,0.296318,0.298625,0.300970,0.302877,0.304662,0.307090,0.309538,0.311744,0.314102,0.316414,0.318591,0.320616,0.322752,0.324699,0.326380,0.328055,0.329611,0.331153,0.332746,0.333747,0.334075,0.334774,0.335906,0.336757,0.337921,0.339101,0.339210,0.338288,0.337385,0.336480,0.335577,0.334620,0.333077,0.331998,0.332027,0.332408,0.332796,0.333520,0.334919,0.336499,0.338165,0.340324,0.343010,0.345704,0.348479,0.351013,0.353708,0.356024,0.358405,0.360547,0.362559,0.364441,0.366116,0.367714,0.369406,0.370920,0.372103,0.373245,0.374162,0.374978,0.375400,0.375562,0.375470,0.375229,0.374683,0.373641,0.370520,0.365500,0.359488,0.352288,0.343920,0.335577,0.329787,0.326218,0.324047,0.322684,0.321376,0.320077,0.318890,0.318214,0.318075,0.318434,0.319598,0.321352,0.323962,0.327186,0.330804,0.334264,0.337371,0.340185,0.342560,0.344569,0.346297,0.347846,0.349166,0.350221,0.350974,0.351348,0.351264,0.350593,0.349289,0.347261,0.344273,0.340362,0.335236,0.329196,0.322491,0.314151,0.305573,0.298634,0.293153,0.286209,0.271930,0.256552,0.241141,0.225730,0.210319,0.194940,0.179529,0.164118,0.148707,0.133111,0.115616,0.106531,0.099721,0.095790,0.093041,0.090485,0.089144,0.088687,0.088430,0.088461,0.088906,0.089519,0.091007,0.093263,0.095917,0.098983,0.102238,0.105364,0.108535,0.111900,0.115456,0.118964,0.122419,0.125839,0.129093,0.132186,0.135205,0.138101,0.140862,0.143657,0.146479,0.149042,0.151408,0.153810,0.156383,0.158865,0.161291,0.163844,0.166388,0.168924,0.171539,0.173969,0.176104,0.178138,0.179910,0.181457,0.182701,0.183554,0.183870,0.183288,0.182388,0.181629,0.180883,0.180216,0.179546,0.178600,0.177049,0.174842,0.172681,0.170405,0.167782,0.165350,0.163014,0.161033,0.159511,0.158773,0.158506,0.158051,0.157087,0.155487,0.154244,0.153298,0.152265,0.151752,0.151889,0.151423,0.150859,0.151213,0.151153,0.151621,0.150497,0.147053,0.143602,0.140158,0.136714,0.133270,0.129820,0.126376,0.122932,0.119488,0.116043,0.112599,0.109156,0.105711,0.102267,0.098823,0.095380,0.091936,0.088492,0.085048,0.081604,0.078160,0.074716,0.071278,0.067834,0.064390,0.060947,0.057511,0.054068,0.050624,0.047255,0.046895,0.047887,0.049124,0.050417,0.051665,0.052931,0.054005,0.055005,0.056182,0.057927,0.059246,0.060518,0.061476,0.061842,0.062011,0.062181,0.062248,0.062218,0.062310,0.062382,0.062519,0.062665,0.062966,0.063355,0.063469,0.063677,0.064046,0.064243,0.064524,0.064714,0.064994,0.065218,0.065534,0.065970,0.066281,0.066669,0.067201,0.067837,0.068603,0.069453,0.070314,0.071148,0.072041,0.072906,0.073936,0.074853,0.075753,0.076701,0.077526,0.078351,0.079088,0.079503,0.079597,0.079213,0.078467,0.077293,0.075553,0.073565,0.071652,0.069532,0.067737,0.065986,0.064520,0.063226,0.062067,0.061017,0.059851,0.058570,0.057351,0.056126,0.055235,0.055166,0.055415,0.055137,0.054283,0.053494,0.052726,0.051730,0.050911,0.050683,0.050718,0.050201,0.049866,0.049313,0.048954,0.047813,0.047054,0.046628,0.046041,0.045720,0.044481,0.043624,0.042846,0.042114,0.041215,0.039444,0.038676,0.038539,0.038539,0.038539,0.038539,0.038539,0.038539,0.038539,0.038539,0.038539,0.038539,0.038539,0.038539
usgs_pv_11,pv,splib07a_Oak_QUDU_CA01-QUDU-3_bush_3_ASDFRa_AREF,0.013539,0.013933,0.014374,0.014851,0.015419,0.015915,0.016468,0.017095,0.017742,0.018426,0.019164,0.019990,0.020781,0.021520,0.022198,0.022797,0.023312,0.023761,0.024163,0.024553,0.024931,0.025295,0.025684,0.026134,0.026691,0.027438,0.028471,0.029983,0.032208,0.035274,0.038797,0.042257,0.045256,0.047800,0.050070,0.052042,0.053204,0.053347,0.052746,0.051514,0.050193,0.049284,0.048797,0.048657,0.048843,0.049058,0.048949,0.048491,0.048008,0.047825,0.048044,0.048453,0.048499,0.047890,0.047067,0.046599,0.046301,0.045680,0.045156,0.045150,0.045654,0.046836,0.049868,0.056869,0.070204,0.089817,0.112422,0.135568,0.158630,0.181410,0.201976,0.219713,0.234118,0.245755,0.254970,0.262081,0.267428,0.271618,0.275756,0.279568,0.282796,0.285872,0.288873,0.291749,0.294578,0.297368,0.300099,0.302818,0.305558,0.308171,0.310759,0.313201,0.315553,0.317940,0.320297,0.322485,0.324825,0.326913,0.328887,0.330826,0.332686,0.334446,0.336176,0.337737,0.339468,0.341016,0.342201,0.343836,0.345154,0.345998,0.346933,0.347553,0.348040,0.348528,0.349015,0.348898,0.347247,0.345611,0.344482,0.343749,0.343949,0.344395,0.345127,0.346339,0.347806,0.350069,0.352876,0.355413,0.358236,0.361095,0.363542,0.366040,0.368498,0.370829,0.372916,0.375038,0.377024,0.378844,0.380805,0.382301,0.383875,0.385280,0.386467,0.387595,0.388800,0.389838,0.391009,0.392410,0.394321,0.394488,0.391722,0.385925,0.380259,0.373947,0.365835,0.356573,0.349723,0.345658,0.343372,0.342105,0.341000,0.339870,0.339012,0.338415,0.338392,0.338964,0.340133,0.342010,0.344545,0.347838,0.351447,0.354745,0.357722,0.360547,0.363128,0.365565,0.367606,0.369252,0.370462,0.371455,0.372364,0.373099,0.373400,0.373278,0.372544,0.371081,0.368712,0.365389,0.360851,0.355453,0.349474,0.341860,0.334313,0.329258,0.326971,0.323903,0.309593,0.293653,0.277679,0.261706,0.245732,0.229792,0.213818,0.197844,0.181870,0.165620,0.145365,0.132360,0.125275,0.119663,0.116131,0.112915,0.110674,0.109760,0.108894,0.108380,0.108563,0.109270,0.110710,0.112896,0.115205,0.117743,0.120711,0.123510,0.126422,0.129598,0.132906,0.136302,0.139674,0.142862,0.145986,0.148988,0.151999,0.154840,0.157422,0.160092,0.162789,0.165182,0.167513,0.169846,0.172296,0.174659,0.176946,0.179387,0.181936,0.184453,0.186977,0.189450,0.191681,0.193726,0.195548,0.197069,0.198269,0.199040,0.199277,0.198467,0.197232,0.196436,0.195698,0.195172,0.194511,0.193518,0.191823,0.189648,0.187561,0.185210,0.182665,0.180294,0.178033,0.176238,0.175121,0.174633,0.174512,0.174202,0.173288,0.171518,0.170226,0.169571,0.168718,0.168593,0.169085,0.168657,0.168765,0.170068,0.170823,0.172017,0.171946,0.168356,0.164760,0.161171,0.157582,0.153993,0.150397,0.146807,0.143218,0.139629,0.136040,0.132450,0.128861,0.125272,0.121682,0.118093,0.114504,0.110915,0.107326,0.103736,0.100147,0.096558,0.092969,0.089386,0.085797,0.082208,0.078620,0.075038,0.071450,0.067861,0.064358,0.063903,0.064857,0.066053,0.067316,0.068692,0.070063,0.071277,0.072146,0.073319,0.074987,0.076002,0.076881,0.077417,0.077663,0.077915,0.077887,0.077692,0.077360,0.077044,0.077028,0.076859,0.076735,0.076553,0.076667,0.076727,0.076885,0.077012,0.077137,0.077297,0.077516,0.077651,0.078006,0.078152,0.078328,0.078557,0.079070,0.079642,0.080292,0.081175,0.082051,0.083082,0.084002,0.084824,0.085963,0.087004,0.088135,0.089117,0.090042,0.091253,0.091988,0.092725,0.093079,0.093102,0.092788,0.091983,0.090766,0.088952,0.086697,0.084209,0.081913,0.079754,0.077954,0.076599,0.075070,0.074157,0.073255,0.072182,0.070669,0.069094,0.068172,0.067153,0.067222,0.067517,0.067056,0.066323,0.065338,0.064417,0.064276,0.063414,0.062900,0.062878,0.063105,0.063285,0.062712,0.062070,0.061993,0.060529,0.059406,0.059054,0.058711,0.057248,0.055150,0.054106,0.054299,0.054351,0.051682,0.050491,0.050789,0.050789,0.050789,0.050789,0.050789,0.050789,0.050789,0.050789,0.050789,0.050789,0.050789,0.050789
usgs_pv_12,pv,splib07a_Toyon_CA01-HEAR-1_bush_ASDFRa_AREF,0.017411,0.017589,0.017800,0.017994,0.018211,0.018420,0.018570,0.018832,0.019172,0.019683,0.020406,0.021411,0.022520,0.023589,0.024565,0.025379,0.026036,0.026551,0.026986,0.027380,0.027725,0.028032,0.028363,0.028878,0.029621,0.030702,0.032246,0.034400,0.037321,0.041039,0.045048,0.049016,0.052640,0.055967,0.059094,0.061890,0.063884,0.064870,0.065008,0.064437,0.063564,0.062995,0.062764,0.062877,0.063338,0.063825,0.063860,0.063276,0.062445,0.061955,0.062073,0.062501,0.062159,0.060293,0.057683,0.055687,0.053909,0.051067,0.048115,0.046465,0.046247,0.047861,0.054182,0.068834,0.092673,0.123043,0.154840,0.185117,0.213090,0.239573,0.262130,0.280972,0.295605,0.307014,0.315848,0.322552,0.327573,0.331404,0.335220,0.338950,0.342057,0.344872,0.347490,0.350022,0.352543,0.354995,0.357378,0.359293,0.361125,0.363589,0.365782,0.367608,0.369674,0.371729,0.373785,0.375478,0.377425,0.379123,0.380382,0.381822,0.383078,0.384391,0.385582,0.386319,0.386175,0.386496,0.387289,0.387722,0.388361,0.388943,0.388672,0.387079,0.385089,0.383096,0.381106,0.378521,0.374409,0.370921,0.368969,0.368453,0.367883,0.368310,0.369525,0.371324,0.373455,0.376218,0.379410,0.382758,0.386128,0.389366,0.392454,0.395551,0.398186,0.400713,0.403067,0.405206,0.407291,0.408706,0.410309,0.411651,0.412693,0.413493,0.414101,0.414287,0.414330,0.413977,0.413347,0.412612,0.412097,0.409707,0.403798,0.394531,0.384973,0.374977,0.362497,0.350006,0.341804,0.336847,0.333761,0.331351,0.329346,0.327206,0.325364,0.324025,0.323335,0.323591,0.325071,0.327687,0.331366,0.335488,0.339694,0.343475,0.346760,0.349638,0.352138,0.354206,0.355790,0.356888,0.357819,0.358463,0.358915,0.358855,0.358091,0.356556,0.354228,0.350940,0.346598,0.341253,0.334481,0.326915,0.318810,0.308960,0.299097,0.292005,0.287084,0.280444,0.265113,0.248734,0.232320,0.215906,0.199492,0.183112,0.166698,0.150284,0.133870,0.117034,0.098745,0.091050,0.084496,0.082134,0.081420,0.078525,0.076981,0.077269,0.077123,0.077070,0.077557,0.078445,0.079974,0.082166,0.084585,0.087418,0.090258,0.093028,0.095906,0.098956,0.102152,0.105351,0.108533,0.111707,0.114716,0.117614,0.120497,0.123273,0.125857,0.128512,0.131116,0.133434,0.135694,0.138031,0.140496,0.142906,0.145212,0.147529,0.149742,0.151919,0.154140,0.156312,0.158254,0.160004,0.161596,0.162975,0.164023,0.164915,0.165324,0.164683,0.163614,0.162640,0.161529,0.160593,0.159666,0.158429,0.156465,0.154053,0.151811,0.149364,0.146250,0.143325,0.140895,0.139082,0.138088,0.137668,0.137217,0.136530,0.135380,0.133726,0.132898,0.132418,0.131773,0.131524,0.132035,0.131832,0.131417,0.132760,0.133066,0.133681,0.132446,0.129425,0.126399,0.123379,0.120358,0.117338,0.114312,0.111292,0.108271,0.105251,0.102230,0.099210,0.096190,0.093169,0.090149,0.087128,0.084108,0.081088,0.078067,0.075047,0.072027,0.069006,0.065986,0.062971,0.059951,0.056931,0.053911,0.050897,0.047878,0.044858,0.041915,0.041627,0.042525,0.043585,0.044613,0.045594,0.046526,0.047446,0.047954,0.048700,0.049726,0.050994,0.052466,0.053323,0.053788,0.054241,0.054615,0.054797,0.054872,0.055036,0.055235,0.055414,0.055756,0.056127,0.056570,0.056980,0.057306,0.057638,0.057896,0.058282,0.058514,0.058806,0.059261,0.059566,0.059952,0.060259,0.060697,0.061202,0.061743,0.062648,0.063502,0.064353,0.065422,0.066407,0.067479,0.068364,0.069236,0.070257,0.071176,0.072059,0.072771,0.073300,0.073686,0.074021,0.073831,0.073221,0.072303,0.070864,0.068938,0.066681,0.064503,0.062344,0.060140,0.058292,0.056558,0.055190,0.053951,0.052518,0.051255,0.049511,0.048575,0.048259,0.048631,0.048909,0.048404,0.047697,0.046974,0.046147,0.045378,0.044650,0.044570,0.044429,0.044053,0.043687,0.043347,0.042355,0.041942,0.041495,0.040990,0.040345,0.039987,0.038778,0.038081,0.036875,0.037140,0.036058,0.036356,0.035732,0.035687,0.035687,0.035687,0.035687,0.035687,0.035687,0.035687,0.035687,0.035687,0.035687,0.035687,0.035687
usgs_pv_13,pv,splib07a_Yerba_Santa_CA01-ERCA-1_bush_ASDFRa_AREF,0.021957,0.022032,0.022171,0.022304,0.022493,0.022674,0.022880,0.023191,0.023572,0.024059,0.024626,0.025258,0.025902,0.026522,0.027120,0.027690,0.028227,0.028709,0.029164,0.029596,0.030013,0.030425,0.030839,0.031291,0.031848,0.032546,0.033454,0.034746,0.036628,0.039311,0.042660,0.046234,0.049512,0.052337,0.054840,0.056983,0.058276,0.058589,0.058284,0.057341,0.056284,0.055611,0.055293,0.055263,0.055604,0.055960,0.055928,0.055488,0.054991,0.054757,0.054834,0.055079,0.055046,0.054504,0.053663,0.053028,0.052449,0.051482,0.050542,0.050172,0.050464,0.051627,0.054800,0.061457,0.073738,0.092873,0.117504,0.145846,0.176300,0.209181,0.240066,0.267819,0.290290,0.307842,0.320971,0.330423,0.336976,0.341494,0.345853,0.349765,0.352841,0.355519,0.357782,0.360038,0.362335,0.364533,0.366734,0.367687,0.368593,0.371064,0.373156,0.374930,0.377147,0.379294,0.381250,0.382751,0.384521,0.386093,0.387278,0.388522,0.389624,0.390736,0.391750,0.392044,0.391011,0.390971,0.391623,0.391689,0.392390,0.393239,0.392121,0.389283,0.386456,0.383623,0.380796,0.377845,0.374533,0.372483,0.372432,0.373145,0.373533,0.374551,0.376296,0.378321,0.380382,0.382724,0.385248,0.388103,0.390955,0.393651,0.396297,0.398928,0.401126,0.403148,0.404989,0.406752,0.408412,0.409285,0.410244,0.411112,0.411593,0.411716,0.411740,0.411298,0.410610,0.409459,0.408110,0.406480,0.403895,0.398326,0.390974,0.382792,0.375002,0.366370,0.355223,0.344956,0.339340,0.336523,0.334790,0.333528,0.332229,0.330615,0.329208,0.328228,0.327963,0.328571,0.330233,0.332475,0.335336,0.338404,0.341383,0.344035,0.346477,0.348571,0.350498,0.351978,0.353145,0.353851,0.354105,0.353962,0.353714,0.352985,0.351697,0.349749,0.347174,0.343673,0.339089,0.333605,0.326962,0.319727,0.311864,0.302446,0.293363,0.286815,0.281549,0.274267,0.258190,0.241149,0.224071,0.206993,0.189915,0.172874,0.155796,0.138718,0.121640,0.104564,0.092259,0.088445,0.083848,0.081789,0.081552,0.079199,0.077720,0.077882,0.077859,0.078068,0.078800,0.079808,0.081015,0.083184,0.085653,0.088535,0.091559,0.094708,0.097959,0.101392,0.104867,0.108406,0.111900,0.115423,0.118885,0.122230,0.125555,0.128805,0.131860,0.134946,0.137980,0.140689,0.143275,0.145917,0.148624,0.151244,0.153673,0.156097,0.158452,0.160729,0.162910,0.165005,0.166834,0.168439,0.169815,0.171015,0.171817,0.172171,0.172075,0.171043,0.169642,0.168502,0.167431,0.166683,0.165921,0.164902,0.163088,0.160794,0.158987,0.157377,0.155572,0.154076,0.152759,0.151193,0.149798,0.148656,0.147653,0.146536,0.145073,0.142961,0.141670,0.140580,0.139267,0.138282,0.138362,0.138065,0.137640,0.138415,0.138379,0.138273,0.136147,0.133116,0.130080,0.127049,0.124018,0.120987,0.117951,0.114920,0.111889,0.108858,0.105827,0.102797,0.099766,0.096735,0.093704,0.090673,0.087643,0.084612,0.081581,0.078550,0.075520,0.072489,0.069458,0.066433,0.063402,0.060372,0.057342,0.054318,0.051288,0.048257,0.045293,0.044391,0.044657,0.045274,0.046062,0.046593,0.047176,0.047932,0.048697,0.049642,0.050601,0.051303,0.052084,0.052947,0.053662,0.054235,0.054683,0.054995,0.055251,0.055724,0.056187,0.056858,0.057367,0.057782,0.058240,0.058763,0.059254,0.059624,0.060061,0.060417,0.060960,0.061393,0.061665,0.061997,0.062466,0.062744,0.063085,0.063420,0.063782,0.064398,0.065188,0.066141,0.066847,0.067552,0.068377,0.069018,0.069540,0.070230,0.070835,0.071548,0.072009,0.072554,0.072659,0.072699,0.072364,0.071514,0.070337,0.068646,0.066965,0.065155,0.063639,0.061531,0.059852,0.058339,0.056805,0.055429,0.054323,0.053209,0.052104,0.050583,0.049503,0.048617,0.048125,0.048153,0.047639,0.046748,0.046763,0.046640,0.045772,0.045755,0.045358,0.044852,0.044851,0.044371,0.043917,0.043616,0.042882,0.042035,0.040882,0.040502,0.040449,0.038598,0.037899,0.036842,0.037272,0.037002,0.036147,0.036332,0.036495,0.036495,0.036495,0.036495,0.036495,0.036495,0.036495,0.036495,0.036495,0.036495,0.036495,0.036495
usgs_pv_14,pv,splib07a_Gray-Pine_CA01-PISA-1_branch_ASDFRa_AREF,0.027329,0.027517,0.027693,0.027913,0.028126,0.028338,0.028731,0.029313,0.030173,0.031343,0.032812,0.034471,0.036063,0.037458,0.038672,0.039683,0.040466,0.041022,0.041430,0.041764,0.042053,0.042345,0.042636,0.042997,0.043561,0.044400,0.045667,0.047615,0.050489,0.054490,0.059019,0.063368,0.066996,0.069944,0.072542,0.074910,0.076401,0.076400,0.075133,0.072820,0.070300,0.068362,0.067023,0.066040,0.065610,0.065412,0.064882,0.063854,0.062652,0.061756,0.061379,0.061385,0.061084,0.059793,0.057942,0.056487,0.055649,0.054470,0.053157,0.052417,0.052385,0.053127,0.055892,0.063626,0.079008,0.101806,0.128729,0.156573,0.183678,0.210908,0.235723,0.257469,0.275190,0.288932,0.299330,0.306839,0.312083,0.315461,0.318710,0.322229,0.324811,0.327042,0.328905,0.330633,0.332582,0.334331,0.336220,0.337412,0.338131,0.340291,0.342308,0.343911,0.345915,0.347924,0.349738,0.351282,0.352893,0.354272,0.355493,0.356596,0.357442,0.358280,0.359122,0.359499,0.359001,0.358925,0.359317,0.359174,0.359314,0.359824,0.359286,0.357543,0.355727,0.353908,0.352092,0.349801,0.346533,0.343465,0.341686,0.341027,0.340591,0.340848,0.341745,0.343256,0.344968,0.347131,0.349714,0.352334,0.355174,0.357798,0.360389,0.363006,0.365255,0.367515,0.369368,0.371152,0.372704,0.374044,0.375086,0.376000,0.376667,0.377103,0.377135,0.376750,0.376053,0.374988,0.373779,0.372204,0.370009,0.364837,0.358098,0.351411,0.344369,0.336082,0.325065,0.315679,0.310168,0.307312,0.305523,0.304187,0.302696,0.300927,0.299288,0.298204,0.297722,0.297783,0.298717,0.300511,0.303135,0.306294,0.309577,0.312703,0.315518,0.317888,0.319909,0.321595,0.322933,0.323873,0.324350,0.324694,0.324781,0.324439,0.323421,0.321929,0.319605,0.316525,0.312385,0.307228,0.301080,0.294401,0.287086,0.278114,0.269872,0.263877,0.259206,0.252802,0.238624,0.223358,0.208059,0.192761,0.177462,0.162196,0.146897,0.131598,0.116299,0.101209,0.088727,0.086549,0.083728,0.083994,0.082795,0.080263,0.079088,0.079509,0.079584,0.079534,0.079763,0.080464,0.081665,0.083280,0.085417,0.088111,0.090954,0.093765,0.096586,0.099484,0.102506,0.105538,0.108625,0.111615,0.114506,0.117344,0.120188,0.122861,0.125360,0.127981,0.130631,0.133008,0.135212,0.137569,0.139925,0.142162,0.144340,0.146652,0.148808,0.151090,0.153358,0.155449,0.157318,0.159023,0.160606,0.161967,0.163038,0.163934,0.164410,0.164162,0.163642,0.163241,0.162705,0.162047,0.161404,0.160429,0.158783,0.156816,0.154882,0.152637,0.150185,0.147942,0.145786,0.143895,0.142540,0.141662,0.141010,0.140318,0.139034,0.137089,0.135725,0.134635,0.133391,0.132649,0.132409,0.131722,0.131074,0.131407,0.131188,0.131132,0.128735,0.125715,0.122690,0.119670,0.116650,0.113630,0.110605,0.107585,0.104565,0.101545,0.098525,0.095505,0.092486,0.089466,0.086446,0.083426,0.080406,0.077386,0.074367,0.071347,0.068327,0.065307,0.062288,0.059273,0.056254,0.053234,0.050215,0.047202,0.044182,0.041163,0.038231,0.039110,0.040818,0.042039,0.043450,0.044468,0.045427,0.046406,0.047130,0.047892,0.049217,0.050257,0.051381,0.052772,0.053577,0.054271,0.054789,0.055156,0.055517,0.055861,0.056256,0.056892,0.057098,0.057519,0.058207,0.058767,0.059118,0.059453,0.060102,0.060685,0.061298,0.061718,0.062446,0.062642,0.063548,0.063999,0.064563,0.065110,0.065819,0.066724,0.067563,0.068453,0.069516,0.070335,0.071232,0.071833,0.072512,0.073545,0.074407,0.074895,0.075489,0.075732,0.075958,0.075939,0.075551,0.074844,0.073741,0.071854,0.070091,0.068327,0.066320,0.063930,0.062220,0.060369,0.058926,0.057765,0.056539,0.055710,0.054471,0.052834,0.051409,0.051073,0.050825,0.050595,0.050517,0.049847,0.049104,0.047592,0.046944,0.046449,0.046097,0.045900,0.045668,0.044680,0.044178,0.044113,0.042403,0.041746,0.041275,0.041090,0.039889,0.037335,0.036903,0.037112,0.036683,0.036408,0.034897,0.033012,0.032632,0.032632,0.032632,0.032632,0.032632,0.032632,0.032632,0.032632,0.032632,0.032632,0.032632,0.032632
usgs_npv_15,npv,splib07a_Grass_AETR70_CA01-AETR-2_NPV_ASDFRa_AREF,0.050593,0.051877,0.053342,0.055040,0.056937,0.058578,0.059953,0.061525,0.063168,0.064932,0.066683,0.068541,0.070415,0.072409,0.074527,0.076596,0.078604,0.080693,0.083042,0.085634,0.088144,0.090409,0.092485,0.094536,0.096552,0.098619,0.100701,0.102754,0.104786,0.106869,0.108927,0.111028,0.113151,0.115314,0.117537,0.119789,0.122059,0.124371,0.126672,0.128974,0.131235,0.133456,0.135574,0.137644,0.139688,0.141691,0.143592,0.145416,0.147190,0.148886,0.150567,0.152201,0.153819,0.155411,0.156958,0.158532,0.160141,0.161746,0.163285,0.164829,0.166417,0.168017,0.169624,0.171440,0.173352,0.175248,0.177073,0.178755,0.180162,0.181702,0.183213,0.184770,0.186309,0.187754,0.189159,0.190496,0.191752,0.193029,0.194360,0.195709,0.196987,0.198222,0.199391,0.200587,0.201741,0.202879,0.204014,0.204907,0.205800,0.206942,0.208076,0.209101,0.210189,0.211175,0.212142,0.213002,0.213999,0.214919,0.215818,0.216812,0.217632,0.218473,0.219381,0.220197,0.220694,0.221467,0.222300,0.223038,0.224043,0.225152,0.225864,0.226262,0.226805,0.227349,0.227892,0.228636,0.229817,0.231188,0.232690,0.233850,0.234540,0.235489,0.236451,0.237353,0.238286,0.239227,0.240203,0.241001,0.241962,0.242806,0.243738,0.244706,0.245507,0.246388,0.247175,0.248057,0.248954,0.249708,0.250647,0.251451,0.252360,0.253350,0.254258,0.255038,0.255983,0.256764,0.257412,0.258018,0.258712,0.259678,0.260645,0.261591,0.262509,0.262950,0.263637,0.264297,0.264709,0.265102,0.265536,0.266003,0.266369,0.266775,0.267220,0.267680,0.268211,0.268884,0.269647,0.270557,0.271589,0.272822,0.274144,0.275482,0.276786,0.278002,0.279201,0.280370,0.281385,0.282432,0.283479,0.284467,0.285451,0.286492,0.287597,0.288731,0.289758,0.290803,0.291735,0.292613,0.293462,0.294065,0.294412,0.294793,0.294732,0.294060,0.292981,0.291692,0.290113,0.288509,0.286901,0.285293,0.283686,0.282081,0.280473,0.278866,0.277258,0.275644,0.272811,0.268037,0.263441,0.258772,0.255230,0.252497,0.250795,0.250116,0.249977,0.250095,0.250454,0.250933,0.251603,0.252520,0.253502,0.254774,0.256269,0.257806,0.259393,0.261137,0.262891,0.264636,0.266403,0.268061,0.269594,0.270816,0.271915,0.272944,0.273908,0.274883,0.275772,0.276456,0.277170,0.278181,0.279305,0.280442,0.281683,0.283232,0.285061,0.287028,0.289101,0.290956,0.292629,0.294272,0.295801,0.297118,0.298238,0.299039,0.299751,0.300120,0.300200,0.300091,0.299675,0.298798,0.297713,0.296423,0.294977,0.293487,0.292292,0.291102,0.289951,0.288720,0.287299,0.286388,0.286256,0.286722,0.287520,0.288294,0.288869,0.288893,0.288858,0.289073,0.289499,0.290177,0.290988,0.291363,0.291687,0.292261,0.292484,0.292618,0.291925,0.290425,0.288922,0.287422,0.285922,0.284422,0.282920,0.281420,0.279920,0.278420,0.276920,0.275420,0.273920,0.272420,0.270920,0.269420,0.267920,0.266420,0.264920,0.263420,0.261920,0.260420,0.258920,0.257423,0.255923,0.254423,0.252924,0.251427,0.249928,0.248428,0.246993,0.248268,0.250213,0.251882,0.253553,0.255272,0.256837,0.257789,0.258630,0.259329,0.259003,0.256726,0.253127,0.248804,0.244265,0.239685,0.234969,0.230337,0.226097,0.221848,0.217740,0.214495,0.211733,0.209068,0.206922,0.205101,0.203620,0.202464,0.201627,0.201285,0.201106,0.201260,0.201795,0.202673,0.203736,0.204862,0.206252,0.207985,0.209790,0.211465,0.212960,0.214409,0.215701,0.216940,0.218121,0.219266,0.220381,0.221402,0.222263,0.222951,0.223408,0.223646,0.223466,0.222636,0.221038,0.218127,0.214356,0.209823,0.204788,0.199795,0.195353,0.191167,0.187048,0.183651,0.181564,0.180403,0.179696,0.178663,0.177178,0.175017,0.172534,0.170598,0.168821,0.167290,0.166481,0.166153,0.165772,0.166155,0.167370,0.169118,0.170706,0.171907,0.172659,0.173166,0.173026,0.173108,0.173569,0.173599,0.173006,0.172659,0.171993,0.171045,0.169276,0.167306,0.164835,0.162760,0.159444,0.156737,0.156261,0.156261,0.156261,0.156261,0.156261,0.156261,0.156261,0.156261,0.156261,0.156261,0.156261,0.156261
usgs_npv_16,npv,splib07a_Grass_AETR95_CA01-AETR-1_NPV_ASDFRa_AREF,0.026198,0.027032,0.028039,0.029113,0.030358,0.031547,0.032876,0.034492,0.036221,0.038084,0.040016,0.042116,0.044166,0.046219,0.048294,0.050371,0.052474,0.054579,0.056696,0.058822,0.060929,0.063020,0.065164,0.067319,0.069445,0.071603,0.073760,0.075908,0.078078,0.080259,0.082460,0.084679,0.086925,0.089203,0.091492,0.093813,0.096157,0.098524,0.100889,0.103253,0.105619,0.107972,0.110304,0.112639,0.115032,0.117446,0.119836,0.122196,0.124489,0.126718,0.128913,0.131084,0.133220,0.135308,0.137367,0.139450,0.141498,0.143529,0.145474,0.147395,0.149336,0.151313,0.153177,0.155357,0.157721,0.160036,0.162348,0.164536,0.166359,0.168342,0.170265,0.172277,0.174218,0.176004,0.177696,0.179288,0.180772,0.182216,0.183697,0.185253,0.186679,0.188068,0.189371,0.190663,0.191976,0.193214,0.194465,0.195465,0.196524,0.197821,0.199101,0.200292,0.201536,0.202732,0.203886,0.204903,0.206084,0.207180,0.208168,0.209154,0.210108,0.211128,0.212205,0.213033,0.213534,0.214339,0.215143,0.215975,0.217046,0.218119,0.218669,0.219073,0.219777,0.220481,0.221185,0.222026,0.223099,0.224271,0.225591,0.226518,0.227227,0.228027,0.229037,0.229910,0.230862,0.231961,0.233037,0.233791,0.234864,0.235952,0.237066,0.238234,0.239216,0.240256,0.241260,0.242242,0.243259,0.244251,0.245146,0.246180,0.247353,0.248513,0.249776,0.250861,0.251964,0.253007,0.254102,0.254965,0.256201,0.257686,0.258247,0.258819,0.259856,0.260312,0.260828,0.261228,0.261453,0.261681,0.262027,0.262498,0.262938,0.263319,0.263645,0.264141,0.264781,0.265495,0.266191,0.267108,0.268524,0.270158,0.271916,0.273808,0.275697,0.277554,0.279257,0.280932,0.282514,0.284124,0.285717,0.287247,0.288840,0.290548,0.292226,0.293921,0.295534,0.296971,0.298445,0.299811,0.300955,0.301886,0.302648,0.303161,0.303091,0.302624,0.302281,0.301666,0.299401,0.297005,0.294604,0.292202,0.289801,0.287405,0.285004,0.282603,0.280202,0.277563,0.269120,0.259861,0.250836,0.243225,0.237783,0.233132,0.229851,0.228239,0.227321,0.226958,0.227366,0.228256,0.229094,0.230037,0.231278,0.232920,0.234890,0.237111,0.239492,0.242121,0.244934,0.247750,0.250553,0.253240,0.255548,0.257555,0.259311,0.260801,0.262251,0.263649,0.264954,0.266079,0.267231,0.268520,0.269972,0.271729,0.273864,0.276498,0.279568,0.282912,0.286293,0.289495,0.292605,0.295373,0.297860,0.300181,0.302195,0.303898,0.305229,0.305883,0.306241,0.306209,0.305623,0.304432,0.302807,0.300751,0.298437,0.296126,0.294136,0.292259,0.290468,0.288512,0.286418,0.285113,0.284946,0.285808,0.287454,0.288778,0.289533,0.289695,0.289850,0.290170,0.290639,0.291464,0.292896,0.293560,0.294412,0.295914,0.297359,0.298742,0.297840,0.295578,0.293312,0.291050,0.288789,0.286527,0.284261,0.281999,0.279738,0.277476,0.275214,0.272952,0.270691,0.268429,0.266167,0.263906,0.261644,0.259382,0.257121,0.254859,0.252597,0.250335,0.248074,0.245816,0.243555,0.241293,0.239032,0.236775,0.234514,0.232253,0.230076,0.231795,0.235377,0.238399,0.241549,0.244328,0.246749,0.248688,0.249928,0.249965,0.247248,0.243380,0.237102,0.230211,0.223998,0.217466,0.210138,0.203297,0.196941,0.190287,0.183975,0.178697,0.174365,0.170624,0.167724,0.165810,0.164529,0.163441,0.162645,0.162278,0.162298,0.162796,0.163676,0.165026,0.166548,0.168201,0.170047,0.172008,0.173995,0.175771,0.177743,0.179729,0.181490,0.183303,0.184903,0.186232,0.187506,0.188844,0.189722,0.190426,0.190937,0.191493,0.191709,0.191303,0.189482,0.186694,0.182660,0.177453,0.171729,0.166045,0.161022,0.156284,0.152037,0.149147,0.147383,0.146728,0.146607,0.146192,0.144897,0.142905,0.140670,0.138744,0.137532,0.136803,0.136072,0.135597,0.135349,0.135146,0.134971,0.135600,0.136254,0.137208,0.137800,0.138553,0.139325,0.139885,0.140500,0.140475,0.140116,0.140197,0.140059,0.138642,0.136356,0.133605,0.130970,0.128883,0.124562,0.121014,0.120381,0.120381,0.120381,0.120381,0.120381,0.120381,0.120381,0.120381,0.120381,0.120381,0.120381,0.120381
usgs_npv_17,npv,splib07a_Grass_CA01-TACA-1_meadow_NPV_ASDFRa_AREF,0.021206,0.022504,0.024127,0.025977,0.028215,0.030481,0.033054,0.036328,0.039907,0.043808,0.047935,0.052458,0.056857,0.061171,0.065492,0.069741,0.074006,0.078267,0.082487,0.086745,0.090962,0.095137,0.099420,0.103781,0.108065,0.112390,0.116765,0.121116,0.125507,0.130013,0.134460,0.138989,0.143552,0.148179,0.152877,0.157650,0.162431,0.167297,0.172175,0.177092,0.182066,0.187077,0.191975,0.196878,0.201873,0.206894,0.211837,0.216702,0.221498,0.226098,0.230599,0.235128,0.239691,0.244147,0.248449,0.252753,0.256983,0.261219,0.265292,0.269352,0.273408,0.277406,0.280982,0.285023,0.289240,0.293199,0.297198,0.300957,0.303884,0.307335,0.310697,0.314418,0.318013,0.321301,0.324430,0.327302,0.330125,0.332809,0.335550,0.338527,0.341264,0.343936,0.346407,0.348890,0.351383,0.353783,0.356220,0.358070,0.359895,0.362462,0.364973,0.367272,0.369730,0.372206,0.374478,0.376539,0.378721,0.380832,0.382715,0.384641,0.386439,0.388457,0.390612,0.391932,0.392176,0.393347,0.395059,0.396287,0.398152,0.400368,0.401002,0.401091,0.401622,0.402155,0.402686,0.403755,0.405577,0.408082,0.411176,0.413509,0.414597,0.415884,0.417615,0.419320,0.420766,0.422310,0.423947,0.425423,0.427013,0.428247,0.429748,0.431311,0.432665,0.434114,0.435367,0.436578,0.437644,0.438758,0.440378,0.441637,0.443021,0.444300,0.445472,0.446722,0.447712,0.448474,0.449021,0.448915,0.448591,0.448383,0.448832,0.449754,0.450543,0.450337,0.449791,0.449595,0.449600,0.449325,0.449023,0.448789,0.448188,0.447224,0.446178,0.445584,0.445439,0.445310,0.445623,0.446386,0.447739,0.449711,0.452164,0.454620,0.457047,0.459441,0.461674,0.463736,0.465419,0.466793,0.468262,0.470006,0.471990,0.474030,0.475945,0.477480,0.478722,0.479879,0.480718,0.481516,0.481802,0.481458,0.480483,0.478860,0.476557,0.473885,0.470877,0.465936,0.459580,0.453318,0.447043,0.440767,0.434492,0.428229,0.421954,0.415678,0.409403,0.402306,0.382586,0.370760,0.356642,0.344000,0.336364,0.329218,0.323352,0.320932,0.320317,0.320001,0.320302,0.320488,0.320585,0.321593,0.323485,0.325869,0.328686,0.331650,0.334837,0.338143,0.341655,0.345283,0.348903,0.352317,0.355210,0.357546,0.359479,0.361172,0.362658,0.364298,0.365852,0.367142,0.368166,0.369430,0.371067,0.373104,0.375722,0.379047,0.382801,0.386970,0.391659,0.396087,0.400206,0.403846,0.407023,0.409648,0.411835,0.413505,0.414479,0.414488,0.413719,0.412448,0.410558,0.408161,0.405163,0.401862,0.398367,0.394596,0.391150,0.388059,0.384963,0.381921,0.378760,0.376275,0.375586,0.376633,0.378412,0.379804,0.380369,0.379980,0.379595,0.379487,0.379205,0.379325,0.380568,0.380812,0.380726,0.380800,0.380853,0.381470,0.378960,0.376280,0.373595,0.370915,0.368234,0.365554,0.362869,0.360189,0.357509,0.354829,0.352149,0.349469,0.346789,0.344109,0.341429,0.338749,0.336069,0.333389,0.330709,0.328029,0.325349,0.322669,0.319989,0.317314,0.314634,0.311954,0.309274,0.306600,0.303921,0.301241,0.298722,0.302360,0.307929,0.313335,0.318106,0.322204,0.325482,0.327311,0.327958,0.326713,0.323152,0.317173,0.309866,0.302404,0.295115,0.287020,0.278097,0.269246,0.260952,0.252306,0.244009,0.237712,0.232326,0.227745,0.224538,0.222211,0.220212,0.218893,0.218124,0.217782,0.217885,0.218371,0.219606,0.221116,0.223133,0.225179,0.227493,0.230165,0.233124,0.235938,0.238548,0.241446,0.244053,0.246512,0.248723,0.250635,0.252821,0.254807,0.256405,0.257656,0.258727,0.259503,0.259357,0.258313,0.255905,0.251706,0.246213,0.238856,0.231071,0.223294,0.216567,0.210472,0.205711,0.201858,0.199530,0.198959,0.198753,0.198177,0.196274,0.193843,0.191129,0.188432,0.187034,0.185969,0.185147,0.184542,0.184112,0.183955,0.183964,0.183992,0.184739,0.186006,0.187237,0.187950,0.188533,0.189235,0.189585,0.189065,0.189293,0.189399,0.189201,0.187590,0.183862,0.180678,0.177669,0.173911,0.170117,0.164521,0.163901,0.163901,0.163901,0.163901,0.163901,0.163901,0.163901,0.163901,0.163901,0.163901,0.163901,0.163901
usgs_npv_18,npv,splib07a_Grass_Golden_Dry_GDS480_ASDFRa_AREF,0.028809,0.030723,0.033184,0.036056,0.039716,0.043640,0.047935,0.052436,0.057210,0.062075,0.066955,0.071914,0.076771,0.081221,0.085555,0.089883,0.094115,0.098214,0.102206,0.106109,0.109920,0.113665,0.117376,0.121018,0.124618,0.128173,0.131697,0.135215,0.138705,0.142185,0.145657,0.149111,0.152554,0.156071,0.159752,0.163045,0.166471,0.169989,0.173477,0.176934,0.180406,0.183770,0.187000,0.190253,0.193523,0.196842,0.200101,0.203239,0.206274,0.209240,0.212270,0.215261,0.218099,0.220782,0.223387,0.225975,0.228558,0.231049,0.233456,0.235878,0.238422,0.241165,0.244280,0.247766,0.251301,0.254696,0.257917,0.260946,0.263795,0.266492,0.269055,0.271510,0.273862,0.276108,0.278280,0.280387,0.282404,0.284389,0.286333,0.288207,0.290006,0.291777,0.293516,0.295191,0.296825,0.298430,0.299969,0.301468,0.302933,0.304364,0.305767,0.307121,0.308443,0.309738,0.310977,0.312171,0.313350,0.314476,0.315564,0.316639,0.317661,0.318634,0.319584,0.320493,0.321385,0.322258,0.323114,0.323969,0.324818,0.325677,0.326575,0.327471,0.328364,0.329240,0.330076,0.330857,0.331564,0.332204,0.332727,0.333160,0.333602,0.334108,0.334715,0.335370,0.336016,0.335989,0.336192,0.337038,0.337977,0.338751,0.339516,0.340310,0.341121,0.341947,0.342752,0.343481,0.344172,0.344908,0.345700,0.346495,0.347295,0.348112,0.348904,0.349673,0.350427,0.351154,0.351826,0.352416,0.352928,0.353355,0.353641,0.353754,0.353718,0.353541,0.353228,0.352769,0.352260,0.351811,0.351454,0.351196,0.350992,0.350810,0.350713,0.350742,0.350888,0.351136,0.351530,0.352149,0.353053,0.354209,0.355532,0.356929,0.358305,0.359593,0.360780,0.361873,0.362863,0.363755,0.364578,0.365395,0.366252,0.367133,0.367977,0.368741,0.369421,0.370019,0.370494,0.370809,0.370936,0.370844,0.370460,0.369712,0.368596,0.367146,0.365410,0.363519,0.361619,0.359831,0.358237,0.356847,0.355414,0.353493,0.350706,0.346865,0.341854,0.335638,0.328346,0.320408,0.312467,0.305203,0.299227,0.294794,0.291879,0.290186,0.289320,0.288978,0.288965,0.289210,0.289742,0.290588,0.291699,0.293001,0.294465,0.296091,0.297888,0.299824,0.301866,0.303964,0.306024,0.307949,0.309634,0.311040,0.312221,0.313280,0.314264,0.315192,0.316085,0.316938,0.317775,0.318664,0.319664,0.320836,0.322243,0.323901,0.325758,0.327729,0.329726,0.331659,0.333457,0.335094,0.336560,0.337860,0.338977,0.339858,0.340429,0.340590,0.340269,0.339470,0.338238,0.336590,0.334569,0.332312,0.330028,0.327891,0.326012,0.324356,0.322762,0.321036,0.319278,0.317917,0.317382,0.317806,0.318853,0.319877,0.320464,0.320625,0.320570,0.320587,0.320921,0.321564,0.322298,0.322952,0.323522,0.324131,0.324725,0.324760,0.324849,0.325490,0.326206,0.327007,0.328024,0.329189,0.330393,0.331507,0.332369,0.332755,0.332541,0.331664,0.329956,0.326840,0.321773,0.314209,0.303617,0.290034,0.274899,0.260229,0.247892,0.238835,0.233095,0.230280,0.229881,0.231323,0.234176,0.237914,0.242049,0.246310,0.250440,0.254348,0.258118,0.261707,0.265088,0.268372,0.271392,0.273925,0.275791,0.276946,0.277203,0.276340,0.274406,0.271401,0.267503,0.262853,0.257855,0.252755,0.247828,0.243257,0.239263,0.235896,0.233102,0.230735,0.228929,0.227596,0.226678,0.226090,0.225798,0.225756,0.226038,0.226634,0.227513,0.228666,0.229943,0.231324,0.232768,0.234326,0.235939,0.237492,0.238851,0.240168,0.241556,0.242982,0.244323,0.245732,0.247033,0.248336,0.249472,0.250500,0.251364,0.251803,0.251629,0.250801,0.249055,0.246211,0.242121,0.236969,0.231224,0.225504,0.220391,0.215981,0.212208,0.209215,0.207243,0.206169,0.205382,0.204155,0.202274,0.199864,0.197309,0.195336,0.194743,0.195216,0.195461,0.195128,0.194711,0.194221,0.193821,0.193810,0.194559,0.195755,0.196775,0.197283,0.197570,0.197657,0.197703,0.197537,0.197439,0.197145,0.196258,0.195008,0.193383,0.191440,0.189003,0.185955,0.182556,0.179163,0.175679,0.172042,0.168320,0.164816,0.161577,0.158431,0.155694,0.153224,0.150927,0.149659,0.149703,0.150307
usgs_soil_19,soil,splib07a_Sand_GrndIsle1_no_oil_ASDFRa_AREF,0.128035,0.131878,0.136129,0.139873,0.143508,0.146298,0.149216,0.152413,0.155601,0.158994,0.162624,0.166696,0.170601,0.174442,0.178143,0.181752,0.185194,0.188224,0.190883,0.193364,0.195776,0.198234,0.200889,0.203601,0.206407,0.209509,0.212796,0.216250,0.219787,0.223361,0.226887,0.230562,0.234255,0.237820,0.241203,0.244491,0.247568,0.250398,0.253029,0.255303,0.257395,0.259456,0.261088,0.262217,0.263475,0.264651,0.265594,0.266349,0.267005,0.267608,0.268135,0.268634,0.269244,0.269826,0.270305,0.270818,0.271496,0.272221,0.272911,0.273595,0.274301,0.275015,0.275676,0.276324,0.277079,0.277935,0.278870,0.279833,0.280481,0.281125,0.282140,0.283290,0.284692,0.285946,0.287173,0.288299,0.289422,0.290529,0.291678,0.292853,0.294008,0.295117,0.296112,0.297002,0.297941,0.298798,0.299685,0.300287,0.300672,0.301465,0.302212,0.302856,0.303551,0.304199,0.304747,0.305157,0.305519,0.305885,0.306233,0.306574,0.306927,0.307267,0.307602,0.307832,0.307839,0.308031,0.308504,0.308889,0.309532,0.310290,0.310479,0.309352,0.308221,0.308898,0.309881,0.310703,0.312164,0.314015,0.316096,0.317368,0.318324,0.319470,0.320591,0.321622,0.322405,0.323310,0.323968,0.324886,0.325393,0.325940,0.326612,0.327220,0.327817,0.328398,0.329000,0.329606,0.330141,0.330690,0.331256,0.331857,0.332491,0.333073,0.333690,0.334251,0.334753,0.335199,0.335503,0.335506,0.335733,0.336851,0.338071,0.339288,0.340505,0.341722,0.343088,0.344703,0.346052,0.347233,0.348204,0.349163,0.350028,0.350963,0.352044,0.353052,0.353978,0.354993,0.356052,0.357083,0.358166,0.359193,0.360228,0.361249,0.362254,0.363233,0.364219,0.365131,0.366007,0.366842,0.367832,0.368925,0.369900,0.370842,0.371734,0.372548,0.373334,0.374082,0.374860,0.375668,0.376531,0.377159,0.377499,0.378264,0.378872,0.378284,0.376470,0.375524,0.376607,0.377715,0.378826,0.379937,0.381048,0.382157,0.383267,0.384378,0.385489,0.386598,0.387709,0.388820,0.389928,0.391039,0.392148,0.393259,0.394370,0.395478,0.396592,0.398035,0.398497,0.398641,0.399555,0.401406,0.402597,0.404018,0.405571,0.406767,0.407659,0.408572,0.409553,0.410442,0.411287,0.412131,0.412885,0.413629,0.414420,0.415176,0.415962,0.416727,0.417486,0.418148,0.418717,0.419356,0.420114,0.420874,0.421540,0.422172,0.422759,0.423358,0.424027,0.424702,0.425387,0.426030,0.426559,0.427060,0.427543,0.428063,0.428609,0.429164,0.429721,0.430255,0.430877,0.431488,0.432021,0.432543,0.433055,0.433536,0.434127,0.434608,0.435010,0.435450,0.435946,0.436398,0.436766,0.437091,0.437310,0.437491,0.437765,0.438034,0.438203,0.438384,0.438490,0.438491,0.438622,0.438839,0.438668,0.437571,0.436573,0.436560,0.436548,0.436535,0.436523,0.436510,0.436498,0.436485,0.436473,0.436460,0.436448,0.436435,0.436422,0.436410,0.436397,0.436385,0.436372,0.436360,0.436347,0.436335,0.436322,0.436310,0.436297,0.436285,0.436272,0.436259,0.436247,0.436234,0.436222,0.436209,0.436197,0.436184,0.436172,0.436159,0.436147,0.436231,0.436710,0.437795,0.438261,0.438646,0.438647,0.439698,0.441115,0.442529,0.443945,0.445602,0.446919,0.447433,0.447894,0.448408,0.448988,0.449531,0.450448,0.451361,0.452200,0.452843,0.453483,0.453894,0.454013,0.454211,0.454268,0.454351,0.454488,0.454362,0.454496,0.454758,0.454739,0.454825,0.454852,0.454745,0.454192,0.453625,0.452828,0.452053,0.451298,0.450221,0.449043,0.447217,0.444950,0.442841,0.440238,0.437864,0.436360,0.436333,0.437311,0.438372,0.439770,0.441309,0.442207,0.442792,0.443279,0.443955,0.444488,0.445067,0.445994,0.445944,0.445897,0.445187,0.444270,0.443159,0.442091,0.441717,0.441295,0.440679,0.440323,0.439284,0.438601,0.437667,0.436004,0.435064,0.433765,0.433008,0.433882,0.434017,0.434135,0.433627,0.433569,0.432716,0.433033,0.432551,0.432643,0.432592,0.430710,0.429360,0.428134,0.430184,0.429056,0.429503,0.429503,0.429503,0.429503,0.429503,0.429503,0.429503,0.429503,0.429503,0.429503,0.429503,0.429503,0.429503,0.429503,0.429503
usgs_soil_20,soil,splib07a_Sand_GrndIsle2_no_visibl_oil_ASDFRa_AREF,0.065868,0.068092,0.070479,0.072572,0.074591,0.076107,0.077740,0.079553,0.081478,0.083544,0.085787,0.088323,0.090780,0.093204,0.095526,0.097776,0.099935,0.101852,0.103565,0.105209,0.106844,0.108556,0.110431,0.112397,0.114445,0.116717,0.119131,0.121698,0.124359,0.127072,0.129829,0.132735,0.135687,0.138558,0.141301,0.144019,0.146629,0.149034,0.151216,0.153065,0.154721,0.156335,0.157641,0.158474,0.159443,0.160364,0.161103,0.161684,0.162211,0.162664,0.163032,0.163351,0.163728,0.164064,0.164248,0.164427,0.164751,0.165070,0.165364,0.165681,0.166048,0.166476,0.166918,0.167342,0.167860,0.168497,0.169211,0.169968,0.170325,0.170618,0.171370,0.172233,0.173419,0.174452,0.175439,0.176308,0.177157,0.177984,0.178872,0.179793,0.180700,0.181556,0.182294,0.182979,0.183750,0.184403,0.185120,0.185462,0.185503,0.186154,0.186776,0.187291,0.187901,0.188447,0.188890,0.189185,0.189425,0.189641,0.189877,0.190072,0.190273,0.190508,0.190698,0.190731,0.190409,0.190404,0.190665,0.190669,0.191026,0.191655,0.191641,0.190236,0.188921,0.189445,0.190116,0.190791,0.192093,0.193614,0.195120,0.196377,0.197442,0.198298,0.199391,0.200331,0.201031,0.201501,0.202001,0.202540,0.203140,0.203702,0.204261,0.204746,0.205319,0.205798,0.206335,0.206803,0.207307,0.207752,0.208248,0.208743,0.209195,0.209680,0.210123,0.210521,0.210779,0.210960,0.211027,0.210820,0.210644,0.211196,0.211834,0.212471,0.213108,0.213745,0.214397,0.215531,0.217131,0.218566,0.219765,0.220840,0.221720,0.222589,0.223565,0.224560,0.225506,0.226482,0.227571,0.228641,0.229754,0.230882,0.232005,0.233145,0.234241,0.235297,0.236333,0.237315,0.238239,0.239069,0.240045,0.241119,0.242121,0.243086,0.243869,0.244576,0.245225,0.245792,0.246289,0.246694,0.247128,0.247334,0.247150,0.247075,0.247212,0.246615,0.245098,0.243408,0.242265,0.241133,0.239999,0.238865,0.237730,0.236598,0.235464,0.234330,0.233196,0.232064,0.230929,0.229795,0.228663,0.227529,0.226397,0.225263,0.224128,0.222997,0.221875,0.222347,0.223765,0.224899,0.226914,0.229986,0.232698,0.235839,0.239360,0.242593,0.245580,0.248475,0.251333,0.253923,0.256387,0.258751,0.260949,0.263050,0.265052,0.266973,0.268817,0.270619,0.272283,0.273805,0.275198,0.276569,0.277994,0.279322,0.280566,0.281750,0.282818,0.283869,0.284962,0.285990,0.287006,0.287985,0.288895,0.289766,0.290589,0.291342,0.292048,0.292753,0.293475,0.294130,0.294845,0.295494,0.296078,0.296604,0.296968,0.297238,0.297565,0.297759,0.297881,0.298019,0.297934,0.297710,0.297433,0.297068,0.296638,0.296268,0.295841,0.295419,0.294849,0.294116,0.293303,0.292400,0.291545,0.290734,0.289842,0.288256,0.285209,0.282095,0.278987,0.275879,0.272765,0.269657,0.266548,0.263440,0.260326,0.257218,0.254110,0.251002,0.247894,0.244786,0.241678,0.238569,0.235461,0.232353,0.229245,0.226137,0.223029,0.219921,0.216813,0.213705,0.210597,0.207494,0.204386,0.201278,0.198171,0.195070,0.191962,0.188855,0.185754,0.182646,0.179545,0.177238,0.179619,0.183644,0.187637,0.191283,0.195209,0.200500,0.206221,0.211930,0.217636,0.222866,0.226628,0.230287,0.233578,0.236846,0.239788,0.242740,0.246205,0.248902,0.251698,0.254269,0.256739,0.258917,0.260979,0.262949,0.264452,0.266386,0.267968,0.269240,0.270555,0.271652,0.272886,0.273934,0.274703,0.275416,0.275622,0.275799,0.275950,0.275903,0.276083,0.275876,0.275320,0.274251,0.273096,0.271816,0.270033,0.268289,0.266928,0.266921,0.267655,0.268576,0.269864,0.270718,0.271131,0.271142,0.270950,0.270888,0.270672,0.270523,0.270509,0.270012,0.269148,0.267878,0.266221,0.264268,0.262352,0.260658,0.259045,0.257122,0.255881,0.253590,0.251646,0.249846,0.246844,0.244568,0.241457,0.239092,0.237575,0.235887,0.233900,0.231402,0.228549,0.227343,0.224214,0.221537,0.219486,0.216587,0.215122,0.211779,0.205513,0.205820,0.202421,0.202375,0.202375,0.202375,0.202375,0.202375,0.202375,0.202375,0.202375,0.202375,0.202375,0.202375,0.202375,0.202375,0.202375,0.202375
usgs_soil_21,soil,splib07a_Stonewall_Playa_Dry_Mud_2001_ASDFRa_AREF,0.153220,0.158508,0.164582,0.170592,0.176469,0.181745,0.186372,0.191251,0.196141,0.201199,0.206690,0.212953,0.219837,0.226853,0.233846,0.240363,0.246113,0.250886,0.254747,0.258167,0.261484,0.264978,0.268969,0.273696,0.279078,0.285095,0.291617,0.298363,0.305326,0.312661,0.320190,0.328031,0.336152,0.344627,0.353474,0.362734,0.372352,0.382279,0.392316,0.402217,0.411722,0.420671,0.428884,0.435932,0.441791,0.447243,0.452045,0.456077,0.459611,0.462858,0.465859,0.468784,0.471401,0.473840,0.476220,0.478628,0.481104,0.483605,0.486084,0.488576,0.491166,0.493849,0.496584,0.499356,0.502244,0.505000,0.507650,0.510181,0.512499,0.514654,0.516883,0.518981,0.521091,0.523012,0.524787,0.526412,0.527992,0.528886,0.529935,0.531315,0.532236,0.532965,0.533525,0.533930,0.534205,0.534377,0.534487,0.534461,0.534269,0.534080,0.533861,0.533593,0.533295,0.533008,0.532656,0.532264,0.531866,0.531556,0.531252,0.531021,0.530869,0.530724,0.530652,0.530659,0.530669,0.530719,0.530952,0.531187,0.531470,0.531906,0.532410,0.532742,0.533009,0.533625,0.534311,0.534939,0.535656,0.536403,0.537256,0.538159,0.539067,0.539909,0.540747,0.541345,0.541828,0.542384,0.542968,0.543431,0.543792,0.544101,0.544453,0.544855,0.545286,0.545768,0.546238,0.546713,0.547209,0.547675,0.548122,0.548573,0.549000,0.549415,0.549806,0.550144,0.550491,0.550866,0.551226,0.551598,0.551986,0.552336,0.552731,0.553101,0.553457,0.553782,0.554132,0.554460,0.554721,0.554998,0.555293,0.555639,0.555895,0.556183,0.556433,0.556679,0.556922,0.557207,0.557518,0.557799,0.558095,0.558410,0.558748,0.559045,0.559347,0.559636,0.559921,0.560127,0.560262,0.560427,0.560621,0.560776,0.560863,0.560919,0.560892,0.560872,0.560874,0.560853,0.560842,0.560852,0.560811,0.560694,0.560615,0.560516,0.560332,0.560301,0.560182,0.559921,0.559583,0.558845,0.557731,0.556248,0.554028,0.549959,0.544260,0.538446,0.531985,0.525880,0.520971,0.520119,0.522886,0.526902,0.530501,0.534010,0.537548,0.540474,0.542637,0.544125,0.544685,0.545079,0.546083,0.547530,0.548723,0.549836,0.550867,0.551621,0.552204,0.552803,0.553421,0.553981,0.554455,0.554866,0.555210,0.555511,0.555789,0.556127,0.556478,0.556788,0.557050,0.557221,0.557356,0.557564,0.557847,0.558123,0.558346,0.558522,0.558703,0.558923,0.559115,0.559294,0.559476,0.559671,0.559811,0.559906,0.560006,0.560112,0.560153,0.560144,0.560092,0.560015,0.559928,0.559740,0.559520,0.559270,0.558993,0.558707,0.558402,0.558105,0.557801,0.557485,0.557186,0.556864,0.556590,0.556334,0.556145,0.555995,0.556197,0.556900,0.558093,0.559449,0.560829,0.561500,0.561648,0.561856,0.561820,0.561723,0.561728,0.561644,0.561553,0.561417,0.561234,0.560849,0.560379,0.559711,0.559011,0.558176,0.556987,0.555245,0.553100,0.550898,0.547534,0.542275,0.537539,0.531232,0.522306,0.510790,0.497337,0.478437,0.467088,0.468881,0.474178,0.479371,0.485905,0.493823,0.499247,0.504175,0.508055,0.511051,0.513541,0.515514,0.517539,0.519472,0.521427,0.523471,0.525458,0.527328,0.529095,0.530953,0.532511,0.533894,0.535130,0.535837,0.536175,0.536252,0.536142,0.535999,0.535856,0.535758,0.535540,0.535327,0.535103,0.534923,0.534747,0.534496,0.534275,0.533999,0.533615,0.533225,0.532923,0.532546,0.532167,0.531768,0.531280,0.530533,0.529715,0.528550,0.526700,0.524317,0.521373,0.518278,0.515371,0.512204,0.508624,0.504342,0.499442,0.494229,0.488810,0.483332,0.479260,0.478958,0.481405,0.484197,0.486315,0.487741,0.488460,0.488805,0.489155,0.489645,0.490586,0.491741,0.492693,0.492674,0.491729,0.489865,0.487187,0.484280,0.482000,0.480074,0.478393,0.476664,0.475086,0.473226,0.471249,0.469232,0.466568,0.463930,0.461717,0.459952,0.458345,0.456923,0.455381,0.453624,0.451534,0.449640,0.447412,0.445554,0.444064,0.442203,0.440059,0.437586,0.434347,0.430210,0.426201,0.422688,0.418723,0.414932,0.411411,0.408194,0.404670,0.401820,0.400369,0.396981,0.394796,0.392512,0.391961,0.390436,0.386069,0.382341
usgs_soil_22,soil,splib07a_Pyroxene_Basalt_CU01-20A_ASDFRa_AREF,0.098578,0.100742,0.103231,0.105462,0.108011,0.110209,0.112189,0.114045,0.115892,0.117632,0.119383,0.121098,0.122587,0.124023,0.125356,0.126590,0.128025,0.129526,0.130928,0.132202,0.133414,0.134659,0.135994,0.137452,0.139059,0.140835,0.142586,0.144333,0.146072,0.147770,0.149451,0.151101,0.152750,0.154381,0.155930,0.157611,0.159322,0.160965,0.162521,0.163972,0.165228,0.166328,0.167296,0.168126,0.168833,0.169425,0.169901,0.170293,0.170706,0.171046,0.171388,0.171705,0.171979,0.172305,0.172615,0.172914,0.173209,0.173491,0.173785,0.174083,0.174389,0.174665,0.174919,0.175138,0.175369,0.175565,0.175763,0.175978,0.176173,0.176357,0.176539,0.176694,0.176819,0.176953,0.177101,0.177229,0.177371,0.177542,0.177691,0.177843,0.178053,0.178272,0.178535,0.178852,0.179172,0.179516,0.179920,0.180338,0.180781,0.181234,0.181683,0.182121,0.182518,0.182891,0.183207,0.183468,0.183680,0.183791,0.183813,0.183769,0.183667,0.183513,0.183264,0.182900,0.182514,0.182070,0.181597,0.181014,0.180413,0.179821,0.179180,0.178538,0.177865,0.177181,0.176498,0.175839,0.175162,0.174554,0.173948,0.173383,0.172840,0.172356,0.171898,0.171452,0.171018,0.170708,0.170465,0.170253,0.170006,0.169872,0.169744,0.169844,0.169989,0.170123,0.170340,0.170610,0.170946,0.171396,0.171943,0.172566,0.173223,0.173974,0.174737,0.175531,0.176430,0.177338,0.178265,0.179207,0.180164,0.181169,0.182097,0.183046,0.183984,0.184820,0.185655,0.186493,0.187275,0.188072,0.188828,0.189563,0.190240,0.190884,0.191544,0.192167,0.192743,0.193352,0.193948,0.194508,0.195068,0.195646,0.196235,0.196779,0.197398,0.198031,0.198558,0.199069,0.199562,0.200085,0.200583,0.201109,0.201639,0.202151,0.202688,0.203251,0.203767,0.204316,0.204895,0.205460,0.206007,0.206545,0.207062,0.207575,0.208078,0.208547,0.209034,0.209490,0.209951,0.210397,0.210721,0.210893,0.210903,0.210653,0.210224,0.209871,0.209635,0.209359,0.209086,0.209137,0.209754,0.210774,0.211824,0.212820,0.213680,0.214476,0.215225,0.215829,0.216335,0.216814,0.217359,0.217894,0.218441,0.218988,0.219578,0.220072,0.220533,0.221004,0.221442,0.221852,0.222277,0.222687,0.223071,0.223441,0.223798,0.224139,0.224456,0.224775,0.225090,0.225373,0.225662,0.225965,0.226182,0.226394,0.226610,0.226806,0.227016,0.227183,0.227328,0.227483,0.227694,0.227884,0.228003,0.228126,0.228275,0.228426,0.228568,0.228677,0.228769,0.228880,0.229005,0.229109,0.229242,0.229314,0.229298,0.229277,0.229310,0.229376,0.229390,0.229386,0.229338,0.229257,0.229178,0.229079,0.228911,0.228720,0.228594,0.228418,0.228281,0.228133,0.227923,0.227798,0.227700,0.227538,0.227399,0.227287,0.227144,0.227125,0.227504,0.227828,0.227883,0.227847,0.227831,0.227759,0.227642,0.227567,0.227447,0.227250,0.226899,0.226440,0.225870,0.224947,0.223471,0.221392,0.218437,0.214624,0.210325,0.206514,0.204114,0.203443,0.204032,0.205191,0.206372,0.207448,0.208298,0.208922,0.209422,0.209805,0.210083,0.210428,0.210670,0.210932,0.211181,0.211483,0.211835,0.212146,0.212408,0.212672,0.212962,0.213199,0.213442,0.213617,0.213878,0.214046,0.214219,0.214288,0.214300,0.214294,0.214299,0.214178,0.214041,0.213918,0.213804,0.213609,0.213403,0.213181,0.213021,0.212721,0.212441,0.212112,0.211852,0.211532,0.211229,0.210803,0.210381,0.209827,0.209098,0.208283,0.207324,0.206342,0.205521,0.204757,0.203868,0.203074,0.202151,0.201199,0.200298,0.199532,0.199029,0.199087,0.199381,0.199478,0.199382,0.199146,0.198865,0.198590,0.198423,0.198270,0.198263,0.198085,0.197839,0.197354,0.196761,0.196015,0.195002,0.194063,0.193311,0.192784,0.192228,0.191654,0.191501,0.191635,0.191656,0.191738,0.191679,0.191485,0.191082,0.190730,0.190173,0.189888,0.189559,0.189047,0.188380,0.187698,0.187115,0.186654,0.186268,0.185838,0.185495,0.185076,0.184369,0.183557,0.183078,0.182254,0.181448,0.180997,0.180393,0.179880,0.179524,0.178758,0.178724,0.178282,0.177632,0.176474,0.177300,0.177413,0.175931,0.176085
