sensor,fraction,r2,rmse,n,scope
EMIT,char,0.9852916597583095,0.02522292382591753,321882,all_modeled
EMIT,pv,0.9705276232606207,0.05791587840113905,321882,all_modeled
EMIT,npv,0.9345507905824018,0.07052168329992163,321882,all_modeled
EMIT,soil,0.9607757775053151,0.05064747415647435,321882,all_modeled
PRISMA,char,0.9857760879213401,0.024827014079957875,321797,all_modeled
PRISMA,pv,0.9796459464940359,0.04813285048013959,321797,all_modeled
PRISMA,npv,0.9496472844331462,0.06181839339461528,321797,all_modeled
PRISMA,soil,0.9624840089692663,0.049535570180163684,321797,all_modeled
Sentinel-2,char,0.7314849448329552,0.1028655558250075,315376,all_modeled
Sentinel-2,pv,0.7268028315096287,0.1750064905616384,315376,all_modeled
Sentinel-2,npv,0.12497990754737398,0.2576799829982141,315376,all_modeled
Sentinel-2,soil,0.3031100757080549,0.21449713268757778,315376,all_modeled
EMIT,char,0.9817964287436863,0.038711380070200904,65537,inside_palisades
EMIT,pv,0.9684422505375845,0.048278004357894595,65537,inside_palisades
EMIT,npv,0.9087463512553461,0.05233245910535611,65537,inside_palisades
EMIT,soil,0.9452772747617895,0.061121957451387994,65537,inside_palisades
PRISMA,char,0.9802482967613915,0.04033989567687696,65604,inside_palisades
PRISMA,pv,0.9746839280482963,0.043226613790567844,65604,inside_palisades
PRISMA,npv,0.8972455590716646,0.055519939735780184,65604,inside_palisades
PRISMA,soil,0.932079502886789,0.06808487349628618,65604,inside_palisades
Sentinel-2,char,0.6752340098450839,0.1616591784333639,62034,inside_palisades
Sentinel-2,pv,0.8024732096736987,0.12286094237904016,62034,inside_palisades
Sentinel-2,npv,0.13381753669468166,0.1644559558076232,62034,inside_palisades
Sentinel-2,soil,0.21423131979221588,0.23613147739760632,62034,inside_palisades
