sensor,product,demand,r2,rmse,n
EMIT,NBR,broadband,0.9997783937090046,0.0026913931162597477,12539
EMIT,NDVI,broadband,0.9980794587997928,0.0031225992655186823,12539
EMIT,CR 970 nm,absorption,0.9536010981599106,0.0077466095687081645,12539
EMIT,CR 1200 nm,absorption,0.9869609490109141,0.008799189433841021,12539
EMIT,CR 1700 nm,absorption,0.9543554702791658,0.016429871839451257,12539
EMIT,CR 2100 nm,absorption,0.9649814979862722,0.01140032454629443,12539
PRISMA,NBR,broadband,0.9997081232863821,0.0030887717644552063,12539
PRISMA,NDVI,broadband,0.9911335728552434,0.006709323986226969,12539
PRISMA,CR 970 nm,absorption,0.8580261522946493,0.013550708198863714,12539
PRISMA,CR 1200 nm,absorption,0.9609651186840673,0.015224607579811214,12539
PRISMA,CR 1700 nm,absorption,0.8854397647523153,0.026028956386266473,12539
PRISMA,CR 2100 nm,absorption,0.9116158247841157,0.01811155294105445,12539
Sentinel-2,NBR,broadband,0.9973503876454026,0.009306304636879113,12539
Sentinel-2,NDVI,broadband,0.9942946072210608,0.005382043618381171,12539
Sentinel-2,CR 970 nm,absorption,-1.05302240812502,0.05152934971265503,12539
Sentinel-2,CR 1200 nm,absorption,-0.35067862194053845,0.08955620643293523,12539
Sentinel-2,CR 1700 nm,absorption,-0.3782640289030046,0.09028300757244986,12539
Sentinel-2,CR 2100 nm,absorption,-0.7097503227011972,0.07965898714434652,12539
